 Daily soil water balance output for Tomato Fresh in 186_Solano DAU_Co within 05_Sacramento River for WY 2015,,,,,,,,,,,,,,,,,,,,,,,Annual and in-season monthly output for Tomato Fresh in 186_Solano DAU_Co within 05_Sacramento River for WY 2015,,,,,,,
Year,Mon,Day,DOY, Area,OKc,IKc,CCKc,ETo,Kc,ETc,Pcp,Er,Spg,Espg,SWD,SWDx,FC,PWP,SWC, YT ,NA,,Year,Mon, Area,ETo,ETc,ETc,ETc,ETc
 #  , # , # ,  #,Acres,   ,   ,    , mm,mm, mm, mm,mm, mm, mm , mm, mm ,mm, mm, mm, mm, mm,,#  , # , Acres, mm, mm,acre-ft, mm,acre-ft
2014,10,1,274,1219,0.57,0,0,6.01,0.57,3.42,0,0,0,0,24,24,292.48,146.24,268.48,268.48,0,,2014,10,1219,101.46,35.72,142.86,0,0.00
2014,10,2,275,1219,0.52,0,0,4.13,0.52,2.16,0,0,0,0,26.16,24,292.48,146.24,266.32,268.48,0,,2014,11,1219,43.45,43.15,172.57,0,0.00
2014,10,3,276,1219,0.49,0,0,4.1,0.49,1.99,0,0,0,0,24,24,292.48,146.24,268.48,268.48,0,,2014,12,1219,31.93,34.69,138.74,0,0.00
2014,10,4,277,1219,0.46,0,0,4.11,0.46,1.87,0,0,0,0,25.87,24,292.48,146.24,266.61,268.48,0,,2015,1,1219,32.71,16.86,67.43,0,0.00
2014,10,5,278,1219,0.43,0,0,3.99,0.43,1.72,0,0,0,0,24,24,292.48,146.24,268.48,268.48,0,,2015,2,1219,56.48,36.24,144.94,0,0.00
2014,10,6,279,1219,0.41,0,0,4.02,0.41,1.65,0,0,0,0,25.65,24,292.48,146.24,266.83,268.48,0,,2015,3,1219,103.75,60.08,240.28,0,0.00
2014,10,7,280,1219,0.39,0,0,4.14,0.39,1.62,0,0,0,0,24,24,292.48,146.24,268.48,268.48,0,,2015,4,1219,139.25,70.84,283.31,70.84,283.31
2014,10,8,281,1219,0.37,0,0,4.75,0.37,1.77,0,0,0,0,25.77,24,292.48,146.24,266.71,268.48,0,,2015,5,1219,156.10,69.80,279.15,69.79,279.11
2014,10,9,282,1219,0.36,0,0,4.2,0.36,1.51,0,0,0,0,24,24,292.48,146.24,268.48,268.48,0,,2015,6,1219,203.55,206.63,826.38,206.62,826.34
2014,10,10,283,1219,0.35,0,0,3.66,0.35,1.27,0,0,0,0,25.27,24,292.48,146.24,267.21,268.48,0,,2015,7,1219,210.84,231.93,927.57,231.92,927.53
2014,10,11,284,1219,0.34,0,0,3.47,0.34,1.17,0,0,0,0,24,24,292.48,146.24,268.48,268.48,0,,2015,8,1219,191.50,201.12,804.35,201.12,804.35
2014,10,12,285,1219,0.32,0,0,6.52,0.32,2.09,0,0,0,0,26.09,24,292.48,146.24,266.39,268.48,0,,2015,9,1219,147.50,12.86,51.43,0,0.00
2014,10,13,286,1219,0.31,0,0,4.07,0.31,1.27,0,0,0,0,24,24,292.48,146.24,268.48,268.48,0,,,,,,,,,
2014,10,14,287,1219,0.31,0,0,3,0.31,0.92,0,0,0,0,24.92,24,292.48,146.24,267.56,268.48,0,,,,,,,,,
2014,10,15,288,1219,0.3,0,0,2.3,0.3,0.69,0.46,0.46,0,0,24,24,292.48,146.24,268.48,268.48,0,,,,,,,,,
2014,10,16,289,1219,0.3,0,0,2.65,0.3,0.79,0.27,0.27,0,0,24.52,24,292.48,146.24,267.96,268.48,0,,,,,,,,,
2014,10,17,290,1219,0.29,0,0,2.47,0.29,0.72,0,0,0,0,24,24,292.48,146.24,268.48,268.48,0,,,,,,,,,
2014,10,18,291,1219,0.29,0,0,2.85,0.29,0.82,0,0,0,0,24.82,24,292.48,146.24,267.66,268.48,0,,,,,,,,,
2014,10,19,292,1219,0.28,0,0,2.92,0.28,0.83,0,0,0,0,24,24,292.48,146.24,268.48,268.48,0,,,,,,,,,
2014,10,20,293,1219,0.28,0,0,2.24,0.28,0.63,0,0,0,0,24.63,24,292.48,146.24,267.85,268.48,0,,,,,,,,,
2014,10,21,294,1219,0.28,0,0,2.61,0.28,0.72,0,0,0,0,24,24,292.48,146.24,268.48,268.48,0,,,,,,,,,
2014,10,22,295,1219,0.27,0,0,2.54,0.27,0.7,0,0,0,0,24.7,24,292.48,146.24,267.78,268.48,0,,,,,,,,,
2014,10,23,296,1219,0.27,0,0,2.44,0.27,0.66,0,0,0,0,24,24,292.48,146.24,268.48,268.48,0,,,,,,,,,
2014,10,24,297,1219,0.27,0,0,2.57,0.27,0.69,0,0,0,0,24.69,24,292.48,146.24,267.79,268.48,0,,,,,,,,,
2014,10,25,298,1219,0.26,0,0,2.26,0.26,0.6,0,0,0,0,24,24,292.48,146.24,268.48,268.48,0,,,,,,,,,
2014,10,26,299,1219,0.26,0,0,2.62,0.26,0.68,1.47,1.47,0,0,23.21,24,292.48,146.24,269.27,268.48,0,,,,,,,,,
2014,10,27,300,1219,0.26,0,0,2.46,0.26,0.64,0,0,0,0,23.85,24,292.48,146.24,268.63,268.48,0,,,,,,,,,
2014,10,28,301,1219,0.26,0,0,2.33,0.26,0.6,0,0,0,0,24.45,24,292.48,146.24,268.03,268.48,0,,,,,,,,,
2014,10,29,302,1219,0.25,0,0,2.38,0.25,0.6,0,0,0,0,24,24,292.48,146.24,268.48,268.48,0,,,,,,,,,
2014,10,30,303,1219,0.25,0,0,2.46,0.25,0.62,0,0,0,0,24.62,24,292.48,146.24,267.86,268.48,0,,,,,,,,,
2014,10,31,304,1219,0.25,0,0,1.19,0.25,0.3,0,0,0,0,24,24,292.48,146.24,268.48,268.48,0,,,,,,,,,
2014,11,1,305,1219,1.15,0,0,1.87,1.15,2.14,5.89,5.89,0,0,20.25,24,292.48,146.24,272.23,268.48,0,,,,,,,,,
2014,11,2,306,1219,1.14,0,0,2.21,1.14,2.52,0,0,0,0,22.77,24,292.48,146.24,269.71,268.48,0,,,,,,,,,
2014,11,3,307,1219,1.14,0,0,1.8,1.14,2.05,0,0,0,0,24.82,24,292.48,146.24,267.66,268.48,0,,,,,,,,,
2014,11,4,308,1219,1.01,0,0,1.74,1.01,1.75,0,0,0,0,24,24,292.48,146.24,268.48,268.48,0,,,,,,,,,
2014,11,5,309,1219,0.91,0,0,1.79,0.91,1.62,0,0,0,0,25.62,24,292.48,146.24,266.86,268.48,0,,,,,,,,,
2014,11,6,310,1219,0.83,0,0,1.92,0.83,1.59,0,0,0,0,24,24,292.48,146.24,268.48,268.48,0,,,,,,,,,
2014,11,7,311,1219,0.76,0,0,1.96,0.76,1.5,0,0,0,0,25.5,24,292.48,146.24,266.98,268.48,0,,,,,,,,,
2014,11,8,312,1219,0.71,0,0,1.88,0.71,1.34,0,0,0,0,24,24,292.48,146.24,268.48,268.48,0,,,,,,,,,
2014,11,9,313,1219,0.67,0,0,1.84,0.67,1.24,0,0,0,0,25.24,24,292.48,146.24,267.24,268.48,0,,,,,,,,,
2014,11,10,314,1219,0.64,0,0,1.97,0.64,1.26,0,0,0,0,24,24,292.48,146.24,268.48,268.48,0,,,,,,,,,
2014,11,11,315,1219,0.61,0,0,1.56,0.61,0.96,0,0,0,0,24.96,24,292.48,146.24,267.52,268.48,0,,,,,,,,,
2014,11,12,316,1219,0.59,0,0,1.44,0.59,0.86,0,0,0,0,24,24,292.48,146.24,268.48,268.48,0,,,,,,,,,
2014,11,13,317,1219,1.18,0,0,0.99,1.18,1.17,2.97,2.97,0,0,22.2,24,292.48,146.24,270.28,268.48,0,,,,,,,,,
2014,11,14,318,1219,1.17,0,0,1.32,1.17,1.54,1.54,1.54,0,0,22.2,24,292.48,146.24,270.28,268.48,0,,,,,,,,,
2014,11,15,319,1219,1.17,0,0,1.29,1.17,1.51,0,0,0,0,23.71,24,292.48,146.24,268.77,268.48,0,,,,,,,,,
2014,11,16,320,1219,1.16,0,0,2.03,1.16,2.35,0,0,0,0,26.06,24,292.48,146.24,266.42,268.48,0,,,,,,,,,
2014,11,17,321,1219,1.1,0,0,1.86,1.1,2.04,0,0,0,0,24,24,292.48,146.24,268.48,268.48,0,,,,,,,,,
2014,11,18,322,1219,1,0,0,1.39,1,1.38,0,0,0,0,25.38,24,292.48,146.24,267.1,268.48,0,,,,,,,,,
2014,11,19,323,1219,0.94,0,0,0.96,0.94,0.9,0.11,0.11,0,0,24,24,292.48,146.24,268.48,268.48,0,,,,,,,,,
2014,11,20,324,1219,1.2,0,0,0.62,1.2,0.74,3.18,3.18,0,0,21.56,24,292.48,146.24,270.92,268.48,0,,,,,,,,,
2014,11,21,325,1219,1.19,0,0,0.8,1.19,0.95,4.75,4.75,0,0,17.76,24,292.48,146.24,274.72,268.48,0,,,,,,,,,
2014,11,22,326,1219,1.18,0,0,1.2,1.18,1.42,0.13,0.13,0,0,19.05,24,292.48,146.24,273.43,268.48,0,,,,,,,,,
2014,11,23,327,1219,1.16,0,0,1.49,1.16,1.73,2.18,2.18,0,0,18.6,24,292.48,146.24,273.88,268.48,0,,,,,,,,,
2014,11,24,328,1219,1.16,0,0,1.37,1.16,1.59,0,0,0,0,20.19,24,292.48,146.24,272.29,268.48,0,,,,,,,,,
2014,11,25,329,1219,1.17,0,0,1.21,1.17,1.41,0,0,0,0,21.6,24,292.48,146.24,270.88,268.48,0,,,,,,,,,
2014,11,26,330,1219,1.17,0,0,1.17,1.17,1.37,0,0,0,0,22.97,24,292.48,146.24,269.51,268.48,0,,,,,,,,,
2014,11,27,331,1219,1.11,0,0,1.16,1.11,1.29,0,0,0,0,24.25,24,292.48,146.24,268.23,268.48,0,,,,,,,,,
2014,11,28,332,1219,1.03,0,0,1.1,1.03,1.13,0,0,0,0,24,24,292.48,146.24,268.48,268.48,0,,,,,,,,,
2014,11,29,333,1219,1.19,0,0,0.85,1.19,1.01,2.34,2.34,0,0,22.67,24,292.48,146.24,269.81,268.48,0,,,,,,,,,
2014,11,30,334,1219,1.19,0,0,0.66,1.19,0.79,4.36,4.36,0,0,19.1,24,292.48,146.24,273.38,268.48,0,,,,,,,,,
2014,12,1,335,1219,1.18,0,0,1,1.18,1.18,4.73,4.73,0,0,15.55,24,292.48,146.24,276.93,268.48,0,,,,,,,,,
2014,12,2,336,1219,1.19,0,0,0.66,1.19,0.79,1.16,1.16,0,0,15.17,24,292.48,146.24,277.31,268.48,0,,,,,,,,,
2014,12,3,337,1219,1.18,0,0,1.08,1.18,1.27,42.69,16.44,0,0,0,24,292.48,146.24,292.48,268.48,0,,,,,,,,,
2014,12,4,338,1219,1.18,0,0,1.07,1.18,1.26,18.3,1.26,0,0,0,24,292.48,146.24,292.48,268.48,0,,,,,,,,,
2014,12,5,339,1219,1.18,0,0,0.91,1.18,1.07,0.5,0.5,0,0,0.57,24,292.48,146.24,291.91,268.48,0,,,,,,,,,
2014,12,6,340,1219,1.18,0,0,1.07,1.18,1.26,2.74,1.83,0,0,0,24,292.48,146.24,292.48,268.48,0,,,,,,,,,
2014,12,7,341,1219,1.18,0,0,0.76,1.18,0.9,0.57,0.57,0,0,0.33,24,292.48,146.24,292.15,268.48,0,,,,,,,,,
2014,12,8,342,1219,1.18,0,0,0.8,1.18,0.95,0,0,0,0,1.28,24,292.48,146.24,291.2,268.48,0,,,,,,,,,
2014,12,9,343,1219,1.19,0,0,0.66,1.19,0.78,0,0,0,0,2.06,24,292.48,146.24,290.42,268.48,0,,,,,,,,,
2014,12,10,344,1219,1.19,0,0,0.91,1.19,1.08,0,0,0,0,3.14,24,292.48,146.24,289.34,268.48,0,,,,,,,,,
2014,12,11,345,1219,1.18,0,0,1.15,1.18,1.36,0.21,0.21,0,0,4.29,24,292.48,146.24,288.19,268.48,0,,,,,,,,,
2014,12,12,346,1219,1.2,0,0,0.6,1.2,0.72,72.49,5.01,0,0,0,24,292.48,146.24,292.48,268.48,0,,,,,,,,,
2014,12,13,347,1219,1.19,0,0,0.69,1.19,0.82,1.59,0.82,0,0,0,24,292.48,146.24,292.48,268.48,0,,,,,,,,,
2014,12,14,348,1219,1.19,0,0,0.71,1.19,0.85,0,0,0,0,0.85,24,292.48,146.24,291.63,268.48,0,,,,,,,,,
2014,12,15,349,1219,1.18,0,0,0.89,1.18,1.05,6.89,1.9,0,0,0,24,292.48,146.24,292.48,268.48,0,,,,,,,,,
2014,12,16,350,1219,1.17,0,0,1.18,1.17,1.38,9.15,1.38,0,0,0,24,292.48,146.24,292.48,268.48,0,,,,,,,,,
2014,12,17,351,1219,1.18,0,0,0.96,1.18,1.13,11.33,1.13,0,0,0,24,292.48,146.24,292.48,268.48,0,,,,,,,,,
2014,12,18,352,1219,1.18,0,0,0.91,1.18,1.08,3.87,1.08,0,0,0,24,292.48,146.24,292.48,268.48,0,,,,,,,,,
2014,12,19,353,1219,1.19,0,0,0.81,1.19,0.96,0.01,0.01,0,0,0.95,24,292.48,146.24,291.53,268.48,0,,,,,,,,,
2014,12,20,354,1219,1.19,0,0,0.64,1.19,0.76,14.79,1.71,0,0,0,24,292.48,146.24,292.48,268.48,0,,,,,,,,,
2014,12,21,355,1219,1.19,0,0,0.97,1.19,1.15,0,0,0,0,1.15,24,292.48,146.24,291.33,268.48,0,,,,,,,,,
2014,12,22,356,1219,1.19,0,0,0.79,1.19,0.94,0,0,0,0,2.09,24,292.48,146.24,290.39,268.48,0,,,,,,,,,
2014,12,23,357,1219,1.19,0,0,0.72,1.19,0.86,0,0,0,0,2.95,24,292.48,146.24,289.53,268.48,0,,,,,,,,,
2014,12,24,358,1219,1.19,0,0,0.99,1.19,1.18,0,0,0,0,4.12,24,292.48,146.24,288.36,268.48,0,,,,,,,,,
2014,12,25,359,1219,1.15,0,0,1.88,1.15,2.17,0.78,0.78,0,0,5.51,24,292.48,146.24,286.97,268.48,0,,,,,,,,,
2014,12,26,360,1219,1,0,0,1.89,1,1.9,0,0,0,0,7.41,24,292.48,146.24,285.07,268.48,0,,,,,,,,,
2014,12,27,361,1219,0.96,0,0,0.76,0.96,0.73,0,0,0,0,8.14,24,292.48,146.24,284.34,268.48,0,,,,,,,,,
2014,12,28,362,1219,0.92,0,0,0.74,0.92,0.68,0,0,0,0,8.82,24,292.48,146.24,283.66,268.48,0,,,,,,,,,
2014,12,29,363,1219,0.9,0,0,0.56,0.9,0.5,0,0,0,0,9.32,24,292.48,146.24,283.16,268.48,0,,,,,,,,,
2014,12,30,364,1219,0.8,0,0,2.49,0.8,1.99,0,0,0,0,11.31,24,292.48,146.24,281.17,268.48,0,,,,,,,,,
2014,12,31,365,1219,0.72,0,0,2.68,0.72,1.94,0,0,0,0,13.25,24,292.48,146.24,279.23,268.48,0,,,,,,,,,
2015,1,1,1,1219,0.7,0,0,0.88,0.7,0.62,0,0,0,0,13.87,24,292.48,146.24,278.61,268.48,0,,,,,,,,,
2015,1,2,2,1219,0.69,0,0,0.86,0.69,0.59,0,0,0,0,14.46,24,292.48,146.24,278.02,268.48,0,,,,,,,,,
2015,1,3,3,1219,0.67,0,0,0.85,0.67,0.57,0,0,0,0,15.03,24,292.48,146.24,277.45,268.48,0,,,,,,,,,
2015,1,4,4,1219,0.65,0,0,0.96,0.65,0.63,0,0,0,0,15.65,24,292.48,146.24,276.83,268.48,0,,,,,,,,,
2015,1,5,5,1219,0.64,0,0,0.87,0.64,0.55,0,0,0,0,16.21,24,292.48,146.24,276.27,268.48,0,,,,,,,,,
2015,1,6,6,1219,0.62,0,0,1.17,0.62,0.72,0,0,0,0,16.93,24,292.48,146.24,275.55,268.48,0,,,,,,,,,
2015,1,7,7,1219,0.6,0,0,1.17,0.6,0.7,0,0,0,0,17.64,24,292.48,146.24,274.84,268.48,0,,,,,,,,,
2015,1,8,8,1219,0.59,0,0,1,0.59,0.59,0,0,0,0,18.23,24,292.48,146.24,274.25,268.48,0,,,,,,,,,
2015,1,9,9,1219,0.58,0,0,0.87,0.58,0.5,0,0,0,0,18.73,24,292.48,146.24,273.75,268.48,0,,,,,,,,,
2015,1,10,10,1219,0.57,0,0,0.96,0.57,0.54,0,0,0,0,19.27,24,292.48,146.24,273.21,268.48,0,,,,,,,,,
2015,1,11,11,1219,0.56,0,0,0.88,0.56,0.49,0,0,0,0,19.77,24,292.48,146.24,272.71,268.48,0,,,,,,,,,
2015,1,12,12,1219,0.55,0,0,1.05,0.55,0.57,0,0,0,0,20.34,24,292.48,146.24,272.14,268.48,0,,,,,,,,,
2015,1,13,13,1219,0.53,0,0,1.18,0.53,0.63,0,0,0,0,20.97,24,292.48,146.24,271.51,268.48,0,,,,,,,,,
2015,1,14,14,1219,0.53,0,0,0.69,0.53,0.36,0,0,0,0,21.33,24,292.48,146.24,271.15,268.48,0,,,,,,,,,
2015,1,15,15,1219,0.52,0,0,0.69,0.52,0.36,0,0,0,0,21.69,24,292.48,146.24,270.79,268.48,0,,,,,,,,,
2015,1,16,16,1219,0.52,0,0,0.57,0.52,0.29,0,0,0,0,21.99,24,292.48,146.24,270.49,268.48,0,,,,,,,,,
2015,1,17,17,1219,0.51,0,0,0.56,0.51,0.29,0.01,0.01,0,0,22.27,24,292.48,146.24,270.21,268.48,0,,,,,,,,,
2015,1,18,18,1219,0.51,0,0,0.61,0.51,0.31,0,0,0,0,22.58,24,292.48,146.24,269.9,268.48,0,,,,,,,,,
2015,1,19,19,1219,0.5,0,0,0.7,0.5,0.35,0,0,0,0,22.93,24,292.48,146.24,269.55,268.48,0,,,,,,,,,
2015,1,20,20,1219,0.5,0,0,0.79,0.5,0.39,0,0,0,0,23.32,24,292.48,146.24,269.16,268.48,0,,,,,,,,,
2015,1,21,21,1219,0.49,0,0,0.98,0.49,0.48,0,0,0,0,23.8,24,292.48,146.24,268.68,268.48,0,,,,,,,,,
2015,1,22,22,1219,0.48,0,0,0.73,0.48,0.35,0,0,0,0,24.15,24,292.48,146.24,268.33,268.48,0,,,,,,,,,
2015,1,23,23,1219,0.48,0,0,0.98,0.48,0.47,0,0,0,0,24,24,292.48,146.24,268.48,268.48,0,,,,,,,,,
2015,1,24,24,1219,0.47,0,0,0.94,0.47,0.44,0,0,0,0,24.44,24,292.48,146.24,268.04,268.48,0,,,,,,,,,
2015,1,25,25,1219,0.46,0,0,1.02,0.46,0.47,0,0,0,0,24,24,292.48,146.24,268.48,268.48,0,,,,,,,,,
2015,1,26,26,1219,0.46,0,0,1.28,0.46,0.58,0,0,0,0,24.58,24,292.48,146.24,267.9,268.48,0,,,,,,,,,
2015,1,27,27,1219,0.45,0,0,1.12,0.45,0.5,0,0,0,0,24,24,292.48,146.24,268.48,268.48,0,,,,,,,,,
2015,1,28,28,1219,0.44,0,0,1.53,0.44,0.67,0,0,0,0,24.67,24,292.48,146.24,267.81,268.48,0,,,,,,,,,
2015,1,29,29,1219,0.43,0,0,1.43,0.43,0.62,0,0,0,0,24,24,292.48,146.24,268.48,268.48,0,,,,,,,,,
2015,1,30,30,1219,0.42,0,0,1.93,0.42,0.82,0,0,0,0,24.82,24,292.48,146.24,267.66,268.48,0,,,,,,,,,
2015,1,31,31,1219,0.41,0,0,3.46,0.41,1.41,0,0,0,0,24,24,292.48,146.24,268.48,268.48,0,,,,,,,,,
2015,2,1,32,1219,0.4,0,0,1.44,0.4,0.58,0,0,0,0,24.58,24,292.48,146.24,267.9,268.48,0,,,,,,,,,
2015,2,2,33,1219,0.4,0,0,1.46,0.4,0.58,0,0,0,0,24,24,292.48,146.24,268.48,268.48,0,,,,,,,,,
2015,2,3,34,1219,0.39,0,0,1.52,0.39,0.59,0,0,0,0,24.59,24,292.48,146.24,267.89,268.48,0,,,,,,,,,
2015,2,4,35,1219,0.38,0,0,1.4,0.38,0.54,0,0,0,0,24,24,292.48,146.24,268.48,268.48,0,,,,,,,,,
2015,2,5,36,1219,0.38,0,0,1.08,0.38,0.41,0,0,0,0,24.41,24,292.48,146.24,268.07,268.48,0,,,,,,,,,
2015,2,6,37,1219,0.37,0,0,2.04,0.37,0.76,0.04,0.04,0,0,24,24,292.48,146.24,268.48,268.48,0,,,,,,,,,
2015,2,7,38,1219,1.16,0,0,1.42,1.16,1.65,27.21,25.65,0,0,0,24,292.48,146.24,292.48,268.48,0,,,,,,,,,
2015,2,8,39,1219,1.17,0,0,1.3,1.17,1.52,4.76,1.52,0,0,0,24,292.48,146.24,292.48,268.48,0,,,,,,,,,
2015,2,9,40,1219,1.14,0,0,2,1.14,2.28,20.3,2.28,0,0,0,24,292.48,146.24,292.48,268.48,0,,,,,,,,,
2015,2,10,41,1219,1.14,0,0,1.82,1.14,2.08,0,0,0,0,2.08,24,292.48,146.24,290.4,268.48,0,,,,,,,,,
2015,2,11,42,1219,1.15,0,0,1.61,1.15,1.85,0,0,0,0,3.93,24,292.48,146.24,288.55,268.48,0,,,,,,,,,
2015,2,12,43,1219,1.02,0,0,1.97,1.02,2.02,0,0,0,0,5.94,24,292.48,146.24,286.54,268.48,0,,,,,,,,,
2015,2,13,44,1219,0.91,0,0,2,0.91,1.81,0,0,0,0,7.76,24,292.48,146.24,284.72,268.48,0,,,,,,,,,
2015,2,14,45,1219,0.82,0,0,2.16,0.82,1.77,0,0,0,0,9.53,24,292.48,146.24,282.95,268.48,0,,,,,,,,,
2015,2,15,46,1219,0.75,0,0,2.09,0.75,1.57,0,0,0,0,11.1,24,292.48,146.24,281.38,268.48,0,,,,,,,,,
2015,2,16,47,1219,0.7,0,0,2.19,0.7,1.53,0,0,0,0,12.63,24,292.48,146.24,279.85,268.48,0,,,,,,,,,
2015,2,17,48,1219,0.66,0,0,1.85,0.66,1.22,0,0,0,0,13.85,24,292.48,146.24,278.63,268.48,0,,,,,,,,,
2015,2,18,49,1219,0.63,0,0,1.58,0.63,1,0,0,0,0,14.85,24,292.48,146.24,277.63,268.48,0,,,,,,,,,
2015,2,19,50,1219,0.62,0,0,1.04,0.62,0.64,0,0,0,0,15.49,24,292.48,146.24,276.99,268.48,0,,,,,,,,,
2015,2,20,51,1219,0.59,0,0,2,0.59,1.18,0,0,0,0,16.67,24,292.48,146.24,275.81,268.48,0,,,,,,,,,
2015,2,21,52,1219,0.57,0,0,1.73,0.57,0.98,0,0,0,0,17.65,24,292.48,146.24,274.83,268.48,0,,,,,,,,,
2015,2,22,53,1219,0.53,0,0,3.63,0.53,1.92,0,0,0,0,19.57,24,292.48,146.24,272.91,268.48,0,,,,,,,,,
2015,2,23,54,1219,0.49,0,0,4.25,0.49,2.08,0,0,0,0,21.65,24,292.48,146.24,270.83,268.48,0,,,,,,,,,
2015,2,24,55,1219,0.47,0,0,2.81,0.47,1.32,0,0,0,0,22.97,24,292.48,146.24,269.51,268.48,0,,,,,,,,,
2015,2,25,56,1219,0.46,0,0,2.18,0.46,0.99,0,0,0,0,23.96,24,292.48,146.24,268.52,268.48,0,,,,,,,,,
2015,2,26,57,1219,0.44,0,0,3.03,0.44,1.33,0,0,0,0,25.29,24,292.48,146.24,267.19,268.48,0,,,,,,,,,
2015,2,27,58,1219,0.42,0,0,2.87,0.42,1.21,0,0,0,0,24,24,292.48,146.24,268.48,268.48,0,,,,,,,,,
2015,2,28,59,1219,0.41,0,0,2.01,0.41,0.83,0,0,0,0,24.83,24,292.48,146.24,267.65,268.48,0,,,,,,,,,
2015,3,1,60,1219,0.4,0,0,2.65,0.4,1.06,0,0,0,0,24,24,292.48,146.24,268.48,268.48,0,,,,,,,,,
2015,3,2,61,1219,0.39,0,0,2.24,0.39,0.88,0,0,0,0,24.88,24,292.48,146.24,267.6,268.48,0,,,,,,,,,
2015,3,3,62,1219,1.12,0,0,2.55,1.12,2.85,3.36,3.36,0,0,21.52,24,292.48,146.24,270.96,268.48,0,,,,,,,,,
2015,3,4,63,1219,1.12,0,0,2.6,1.12,2.9,0,0,0,0,24.42,24,292.48,146.24,268.06,268.48,0,,,,,,,,,
2015,3,5,64,1219,0.97,0,0,2.79,0.97,2.72,0,0,0,0,24,24,292.48,146.24,268.48,268.48,0,,,,,,,,,
2015,3,6,65,1219,0.83,0,0,2.99,0.83,2.48,0,0,0,0,26.48,24,292.48,146.24,266,268.48,0,,,,,,,,,
2015,3,7,66,1219,0.74,0,0,2.81,0.74,2.08,0,0,0,0,24,24,292.48,146.24,268.48,268.48,0,,,,,,,,,
2015,3,8,67,1219,0.67,0,0,2.94,0.67,1.97,0,0,0,0,25.97,24,292.48,146.24,266.51,268.48,0,,,,,,,,,
2015,3,9,68,1219,0.62,0,0,2.98,0.62,1.84,0,0,0,0,24,24,292.48,146.24,268.48,268.48,0,,,,,,,,,
2015,3,10,69,1219,0.58,0,0,2.3,0.58,1.34,0,0,0,0,25.34,24,292.48,146.24,267.14,268.48,0,,,,,,,,,
2015,3,11,70,1219,0.56,0,0,2.11,0.56,1.18,0.83,0.83,0,0,24,24,292.48,146.24,268.48,268.48,0,,,,,,,,,
2015,3,12,71,1219,1.08,0,0,3.41,1.08,3.7,4.58,4.58,0,0,23.12,24,292.48,146.24,269.36,268.48,0,,,,,,,,,
2015,3,13,72,1219,1.07,0,0,3.03,1.07,3.24,0,0,0,0,26.36,24,292.48,146.24,266.12,268.48,0,,,,,,,,,
2015,3,14,73,1219,0.87,0,0,3.23,0.87,2.82,0,0,0,0,24,24,292.48,146.24,268.48,268.48,0,,,,,,,,,
2015,3,15,74,1219,0.74,0,0,3.74,0.74,2.77,0,0,0,0,26.77,24,292.48,146.24,265.71,268.48,0,,,,,,,,,
2015,3,16,75,1219,0.68,0,0,2.43,0.68,1.66,0,0,0,0,24,24,292.48,146.24,268.48,268.48,0,,,,,,,,,
2015,3,17,76,1219,0.62,0,0,3.53,0.62,2.18,0,0,0,0,26.18,24,292.48,146.24,266.3,268.48,0,,,,,,,,,
2015,3,18,77,1219,0.56,0,0,3.85,0.56,2.17,0.01,0.01,0,0,24,24,292.48,146.24,268.48,268.48,0,,,,,,,,,
2015,3,19,78,1219,0.52,0,0,3.88,0.52,2.02,0,0,0,0,26.02,24,292.48,146.24,266.46,268.48,0,,,,,,,,,
2015,3,20,79,1219,0.49,0,0,3.07,0.49,1.51,0,0,0,0,24,24,292.48,146.24,268.48,268.48,0,,,,,,,,,
2015,3,21,80,1219,0.47,0,0,3.6,0.47,1.68,0,0,0,0,25.68,24,292.48,146.24,266.8,268.48,0,,,,,,,,,
2015,3,22,81,1219,0.44,0,0,3.31,0.44,1.47,0,0,0,0,24,24,292.48,146.24,268.48,268.48,0,,,,,,,,,
2015,3,23,82,1219,0.43,0,0,3.28,0.43,1.4,0.11,0.11,0,0,25.29,24,292.48,146.24,267.19,268.48,0,,,,,,,,,
2015,3,24,83,1219,0.41,0,0,3.19,0.41,1.31,0,0,0,0,24,24,292.48,146.24,268.48,268.48,0,,,,,,,,,
2015,3,25,84,1219,0.39,0,0,4.18,0.39,1.64,0,0,0,0,25.64,24,292.48,146.24,266.84,268.48,0,,,,,,,,,
2015,3,26,85,1219,0.38,0,0,3.88,0.38,1.46,0,0,0,0,24,24,292.48,146.24,268.48,268.48,0,,,,,,,,,
2015,3,27,86,1219,0.36,0,0,4.4,0.36,1.59,0,0,0,0,25.59,24,292.48,146.24,266.89,268.48,0,,,,,,,,,
2015,3,28,87,1219,0.35,0,0,4.93,0.35,1.7,0,0,0,0,24,24,292.48,146.24,268.48,268.48,0,,,,,,,,,
2015,3,29,88,1219,0.33,0,0,4.71,0.33,1.57,0,0,0,0,25.57,24,292.48,146.24,266.91,268.48,0,,,,,,,,,
2015,3,30,89,1219,0.32,0,0,4.49,0.32,1.44,0,0,0,0,24,24,292.48,146.24,268.48,268.48,0,,,,,,,,,
2015,3,31,90,1219,0.31,0,0,4.65,0.31,1.45,0,0,0,0,25.45,24,292.48,146.24,267.03,268.48,0,,,,,,,,,
2015,4,1,91,1219,0.3,0.2,0,4.22,0.3,1.28,0,0,0,0,26.72,62.59,292.48,146.24,265.76,229.89,0,,,,,,,,,
2015,4,2,92,1219,0.29,0.2,0,5.54,0.29,1.62,0,0,0,0,28.34,62.59,292.48,146.24,264.14,229.89,0,,,,,,,,,
2015,4,3,93,1219,0.28,0.2,0,4.6,0.28,1.31,0,0,0,0,29.65,62.59,292.48,146.24,262.83,229.89,0,,,,,,,,,
2015,4,4,94,1219,0.28,0.2,0,4.48,0.28,1.24,0,0,0,0,30.89,62.59,292.48,146.24,261.59,229.89,0,,,,,,,,,
2015,4,5,95,1219,0.27,0.2,0,2.56,0.27,0.7,0,0,0,0,31.59,62.59,292.48,146.24,260.89,229.89,0,,,,,,,,,
2015,4,6,96,1219,0.27,0.2,0,2.92,0.27,0.79,0.96,0.96,0,0,31.42,62.59,292.48,146.24,261.06,229.89,0,,,,,,,,,
2015,4,7,97,1219,1.12,0.2,0,2.53,1.12,2.83,4.05,4.05,0,0,30.2,62.59,292.48,146.24,262.28,229.89,0,,,,,,,,,
2015,4,8,98,1219,1.1,0.2,0,2.94,1.1,3.24,14.39,14.39,0,0,19.05,62.59,292.48,146.24,273.43,229.89,0,,,,,,,,,
2015,4,9,99,1219,1.07,0.2,0,3.48,1.07,3.73,0,0,0,0,22.78,62.59,292.48,146.24,269.7,229.89,0,,,,,,,,,
2015,4,10,100,1219,0.83,0.2,0,4.1,0.83,3.42,0,0,0,0,26.2,62.59,292.48,146.24,266.28,229.89,0,,,,,,,,,
2015,4,11,101,1219,0.7,0.2,0,4.26,0.7,2.98,0,0,0,0,29.18,62.59,292.48,146.24,263.3,229.89,0,,,,,,,,,
2015,4,12,102,1219,0.6,0.2,0,4.91,0.6,2.97,0,0,0,0,32.14,62.59,292.48,146.24,260.34,229.89,0,,,,,,,,,
2015,4,13,103,1219,0.54,0.2,0,4.91,0.54,2.64,0,0,0,0,34.79,62.59,292.48,146.24,257.69,229.89,0,,,,,,,,,
2015,4,14,104,1219,0.49,0.2,0,4.87,0.49,2.39,0,0,0,0,37.18,62.59,292.48,146.24,255.3,229.89,0,,,,,,,,,
2015,4,15,105,1219,0.44,0.2,0,6.58,0.44,2.91,0,0,0,0,40.09,62.59,292.48,146.24,252.39,229.89,0,,,,,,,,,
2015,4,16,106,1219,0.41,0.2,0,6.06,0.41,2.47,0,0,0,0,42.55,62.59,292.48,146.24,249.93,229.89,0,,,,,,,,,
2015,4,17,107,1219,0.38,0.2,0,5.29,0.38,2.03,0,0,0,0,44.58,62.59,292.48,146.24,247.9,229.89,0,,,,,,,,,
2015,4,18,108,1219,0.36,0.2,0,4.95,0.36,1.8,0,0,0,0,46.39,62.59,292.48,146.24,246.09,229.89,0,,,,,,,,,
2015,4,19,109,1219,0.35,0.2,0,5.18,0.35,1.8,0,0,0,0,48.19,62.59,292.48,146.24,244.29,229.89,0,,,,,,,,,
2015,4,20,110,1219,0.33,0.2,0,4.74,0.33,1.58,0,0,0,0,49.77,62.59,292.48,146.24,242.71,229.89,0,,,,,,,,,
2015,4,21,111,1219,0.32,0.2,0,3.79,0.32,1.23,0,0,0,0,51,62.59,292.48,146.24,241.48,229.89,0,,,,,,,,,
2015,4,22,112,1219,0.32,0.2,0,4.2,0.32,1.32,0,0,0,0,52.33,62.59,292.48,146.24,240.15,229.89,0,,,,,,,,,
2015,4,23,113,1219,0.31,0.2,0,4.75,0.31,1.45,0,0,0,0,53.78,62.59,292.48,146.24,238.7,229.89,0,,,,,,,,,
2015,4,24,114,1219,0.3,0.2,0,4.96,0.3,1.46,0,0,0,0,55.24,62.59,292.48,146.24,237.24,229.89,0,,,,,,,,,
2015,4,25,115,1219,1.06,0.2,0,3.96,1.06,4.2,11.93,11.93,0,0,47.51,62.59,292.48,146.24,244.97,229.89,0,,,,,,,,,
2015,4,26,116,1219,0.88,0.2,0,5.11,0.88,4.5,0,0,0,0,52.01,62.59,292.48,146.24,240.47,229.89,0,,,,,,,,,
2015,4,27,117,1219,0.67,0.2,0,6.12,0.67,4.12,0,0,0,0,56.13,62.59,292.48,146.24,236.35,229.89,0,,,,,,,,,
2015,4,28,118,1219,0.58,0.2,0,5.51,0.58,3.17,0,0,0,0,59.3,62.59,292.48,146.24,233.18,229.89,0,,,,,,,,,
2015,4,29,119,1219,0.51,0.2,0,5.26,0.51,2.7,0,0,0,0,62,62.59,292.48,146.24,230.48,229.89,0,,,,,,,,,
2015,4,30,120,1219,0.46,0.2,0,6.47,0.46,2.96,0,0,0,0,0,62.59,292.48,146.24,292.48,229.89,64.96,,,,,,,,,
2015,5,1,121,1219,0.42,0.2,0,6.45,0.42,2.69,0,0,0,0,2.69,62.59,292.48,146.24,289.79,229.89,0,,,,,,,,,
2015,5,2,122,1219,0.39,0.2,0,5.94,0.39,2.3,0,0,0,0,4.99,62.59,292.48,146.24,287.49,229.89,0,,,,,,,,,
2015,5,3,123,1219,0.37,0.2,0,5.17,0.37,1.9,0,0,0,0,6.89,62.59,292.48,146.24,285.59,229.89,0,,,,,,,,,
2015,5,4,124,1219,0.35,0.2,0,4.74,0.35,1.67,0,0,0,0,8.55,62.59,292.48,146.24,283.93,229.89,0,,,,,,,,,
2015,5,5,125,1219,0.34,0.2,0,4.79,0.34,1.62,0,0,0,0,10.17,62.59,292.48,146.24,282.31,229.89,0,,,,,,,,,
2015,5,6,126,1219,0.32,0.2,0,5.2,0.32,1.68,0,0,0,0,11.86,62.59,292.48,146.24,280.62,229.89,0,,,,,,,,,
2015,5,7,127,1219,0.32,0.2,0,3.82,0.32,1.21,0.5,0.5,0,0,12.56,62.59,292.48,146.24,279.92,229.89,0,,,,,,,,,
2015,5,8,128,1219,0.31,0.2,0,4.45,0.31,1.36,0.01,0.01,0,0,13.91,62.59,292.48,146.24,278.57,229.89,0,,,,,,,,,
2015,5,9,129,1219,0.3,0.2,0,4.99,0.3,1.48,0,0,0,0,15.39,62.59,292.48,146.24,277.09,229.89,0,,,,,,,,,
2015,5,10,130,1219,0.29,0.22,0,5.12,0.29,1.47,0,0,0,0,16.86,62.59,292.48,146.24,275.62,229.89,0,,,,,,,,,
2015,5,11,131,1219,0.28,0.25,0,5.11,0.28,1.42,0,0,0,0,18.28,62.59,292.48,146.24,274.2,229.89,0,,,,,,,,,
2015,5,12,132,1219,0.27,0.27,0,5.01,0.27,1.36,0,0,0,0,19.64,62.59,292.48,146.24,272.84,229.89,0,,,,,,,,,
2015,5,13,133,1219,0.26,0.29,0,4.72,0.29,1.39,0,0,0,0,21.03,62.59,292.48,146.24,271.45,229.89,0,,,,,,,,,
2015,5,14,134,1219,0.26,0.32,0,3.63,0.32,1.16,0,0,0,0,22.19,62.59,292.48,146.24,270.29,229.89,0,,,,,,,,,
2015,5,15,135,1219,0.25,0.34,0,4.7,0.34,1.61,0.06,0.06,0,0,23.74,62.59,292.48,146.24,268.74,229.89,0,,,,,,,,,
2015,5,16,136,1219,0.25,0.37,0,4.79,0.37,1.75,0,0,0,0,25.49,62.59,292.48,146.24,266.99,229.89,0,,,,,,,,,
2015,5,17,137,1219,0.24,0.39,0,3.87,0.39,1.51,0,0,0,0,27,62.59,292.48,146.24,265.48,229.89,0,,,,,,,,,
2015,5,18,138,1219,0.24,0.41,0,4.77,0.41,1.97,0,0,0,0,28.97,62.59,292.48,146.24,263.51,229.89,0,,,,,,,,,
2015,5,19,139,1219,0.24,0.44,0,4.98,0.44,2.18,0,0,0,0,31.14,62.59,292.48,146.24,261.34,229.89,0,,,,,,,,,
2015,5,20,140,1219,0.23,0.46,0,4.89,0.46,2.25,0,0,0,0,33.39,62.59,292.48,146.24,259.09,229.89,0,,,,,,,,,
2015,5,21,141,1219,0.23,0.48,0,4.59,0.48,2.22,0,0,0,0,35.62,62.59,292.48,146.24,256.86,229.89,0,,,,,,,,,
2015,5,22,142,1219,0.22,0.51,0,4.9,0.51,2.49,0,0,0,0,38.11,62.59,292.48,146.24,254.37,229.89,0,,,,,,,,,
2015,5,23,143,1219,0.22,0.53,0,4.73,0.53,2.51,0,0,0,0,40.62,62.59,292.48,146.24,251.86,229.89,0,,,,,,,,,
2015,5,24,144,1219,0.21,0.56,0,5.57,0.56,3.09,0,0,0,0,43.71,62.59,292.48,146.24,248.77,229.89,0,,,,,,,,,
2015,5,25,145,1219,0.21,0.58,0,5.38,0.58,3.11,0,0,0,0,46.83,62.59,292.48,146.24,245.65,229.89,0,,,,,,,,,
2015,5,26,146,1219,0.21,0.6,0,5.42,0.6,3.27,0,0,0,0,50.09,62.59,292.48,146.24,242.39,229.89,0,,,,,,,,,
2015,5,27,147,1219,0.2,0.63,0,5.47,0.63,3.43,0,0,0,0,53.52,62.59,292.48,146.24,238.96,229.89,0,,,,,,,,,
2015,5,28,148,1219,0.2,0.65,0,5.36,0.65,3.48,0,0,0,0,57,62.59,292.48,146.24,235.48,229.89,0,,,,,,,,,
2015,5,29,149,1219,0.2,0.67,0,5.96,0.67,4.02,0,0,0,0,61.02,62.59,292.48,146.24,231.46,229.89,0,,,,,,,,,
2015,5,30,150,1219,0.19,0.7,0,6.29,0.7,4.39,0,0,0,0,0,62.59,292.48,146.24,292.48,229.89,65.41,,,,,,,,,
2015,5,31,151,1219,0.19,0.72,0,5.29,0.72,3.81,0,0,0,0,3.81,62.59,292.48,146.24,288.67,229.89,0,,,,,,,,,
2015,6,1,152,1219,0.19,0.74,0,5.34,0.74,3.98,0,0,0,0,7.79,62.59,292.48,146.24,284.69,229.89,0,,,,,,,,,
2015,6,2,153,1219,0.19,0.77,0,5.63,0.77,4.33,0,0,0,0,12.12,62.59,292.48,146.24,280.36,229.89,0,,,,,,,,,
2015,6,3,154,1219,0.18,0.79,0,5.42,0.79,4.29,0,0,0,0,16.41,62.59,292.48,146.24,276.07,229.89,0,,,,,,,,,
2015,6,4,155,1219,0.18,0.82,0,5.87,0.82,4.79,0,0,0,0,21.2,62.59,292.48,146.24,271.28,229.89,0,,,,,,,,,
2015,6,5,156,1219,0.18,0.84,0,6.78,0.84,5.69,0,0,0,0,26.89,62.59,292.48,146.24,265.59,229.89,0,,,,,,,,,
2015,6,6,157,1219,0.17,0.86,0,6.33,0.86,5.46,0,0,0,0,32.35,62.59,292.48,146.24,260.13,229.89,0,,,,,,,,,
2015,6,7,158,1219,0.17,0.89,0,6.88,0.89,6.1,0,0,0,0,38.46,62.59,292.48,146.24,254.02,229.89,0,,,,,,,,,
2015,6,8,159,1219,0.17,0.91,0,7.31,0.91,6.66,0,0,0,0,45.11,62.59,292.48,146.24,247.37,229.89,0,,,,,,,,,
2015,6,9,160,1219,0.17,0.93,0,6.91,0.93,6.46,0,0,0,0,51.57,62.59,292.48,146.24,240.91,229.89,0,,,,,,,,,
2015,6,10,161,1219,0.17,0.96,0,2.53,0.96,2.42,0.32,0.32,0,0,53.67,62.59,292.48,146.24,238.81,229.89,0,,,,,,,,,
2015,6,11,162,1219,0.16,0.98,0,7,0.98,6.87,1.59,1.59,0,0,58.95,62.59,292.48,146.24,233.53,229.89,0,,,,,,,,,
2015,6,12,163,1219,0.16,1.01,0,7.84,1.01,7.88,0,0,0,0,0,62.59,292.48,146.24,292.48,229.89,66.83,,,,,,,,,
2015,6,13,164,1219,0.16,1.03,0,7.39,1.03,7.6,0,0,0,0,7.6,62.59,292.48,146.24,284.88,229.89,0,,,,,,,,,
2015,6,14,165,1219,0.16,1.05,0,6.62,1.05,6.97,0,0,0,0,14.57,62.59,292.48,146.24,277.91,229.89,0,,,,,,,,,
2015,6,15,166,1219,0.15,1.08,0,6.43,1.08,6.92,0,0,0,0,21.49,62.59,292.48,146.24,270.99,229.89,0,,,,,,,,,
2015,6,16,167,1219,0.15,1.1,0,6.82,1.1,7.5,0.02,0.02,0,0,28.98,62.59,292.48,146.24,263.5,229.89,0,,,,,,,,,
2015,6,17,168,1219,0.15,1.1,0,6.84,1.1,7.52,0,0,0,0,36.5,62.59,292.48,146.24,255.98,229.89,0,,,,,,,,,
2015,6,18,169,1219,0.15,1.1,0,7.46,1.1,8.21,0,0,0,0,44.71,62.59,292.48,146.24,247.77,229.89,0,,,,,,,,,
2015,6,19,170,1219,0.15,1.1,0,7.3,1.1,8.03,0,0,0,0,52.74,62.59,292.48,146.24,239.74,229.89,0,,,,,,,,,
2015,6,20,171,1219,0.15,1.1,0,6.95,1.1,7.65,0,0,0,0,60.38,62.59,292.48,146.24,232.1,229.89,0,,,,,,,,,
2015,6,21,172,1219,0.14,1.1,0,7.44,1.1,8.18,0,0,0,0,0,62.59,292.48,146.24,292.48,229.89,68.56,,,,,,,,,
2015,6,22,173,1219,0.14,1.1,0,6.8,1.1,7.48,0,0,0,0,7.48,62.59,292.48,146.24,285,229.89,0,,,,,,,,,
2015,6,23,174,1219,0.14,1.1,0,7.3,1.1,8.03,0,0,0,0,15.51,62.59,292.48,146.24,276.97,229.89,0,,,,,,,,,
2015,6,24,175,1219,0.14,1.1,0,7.32,1.1,8.05,0,0,0,0,23.56,62.59,292.48,146.24,268.92,229.89,0,,,,,,,,,
2015,6,25,176,1219,0.14,1.1,0,7.89,1.1,8.68,0,0,0,0,32.24,62.59,292.48,146.24,260.24,229.89,0,,,,,,,,,
2015,6,26,177,1219,0.14,1.1,0,8.25,1.1,9.08,0,0,0,0,41.32,62.59,292.48,146.24,251.16,229.89,0,,,,,,,,,
2015,6,27,178,1219,0.13,1.1,0,6.73,1.1,7.4,0,0,0,0,48.72,62.59,292.48,146.24,243.76,229.89,0,,,,,,,,,
2015,6,28,179,1219,0.13,1.1,0,7.15,1.1,7.87,0,0,0,0,56.58,62.59,292.48,146.24,235.9,229.89,0,,,,,,,,,
2015,6,29,180,1219,0.13,1.1,0,7.45,1.1,8.2,0,0,0,0,0,62.59,292.48,146.24,292.48,229.89,64.78,,,,,,,,,
2015,6,30,181,1219,0.13,1.1,0,7.57,1.1,8.33,0,0,0,0,8.33,62.59,292.48,146.24,284.15,229.89,0,,,,,,,,,
2015,7,1,182,1219,0.13,1.1,0,7.43,1.1,8.17,0,0,0,0,16.5,62.59,292.48,146.24,275.98,229.89,0,,,,,,,,,
2015,7,2,183,1219,0.13,1.1,0,6.96,1.1,7.66,0,0,0,0,24.16,62.59,292.48,146.24,268.32,229.89,0,,,,,,,,,
2015,7,3,184,1219,0.13,1.1,0,7.37,1.1,8.11,0,0,0,0,32.26,62.59,292.48,146.24,260.22,229.89,0,,,,,,,,,
2015,7,4,185,1219,0.13,1.1,0,7.87,1.1,8.66,0,0,0,0,40.92,62.59,292.48,146.24,251.56,229.89,0,,,,,,,,,
2015,7,5,186,1219,0.12,1.1,0,7.15,1.1,7.87,0,0,0,0,48.79,62.59,292.48,146.24,243.7,229.89,0,,,,,,,,,
2015,7,6,187,1219,0.12,1.1,0,7.23,1.1,7.95,0,0,0,0,56.74,62.59,292.48,146.24,235.74,229.89,0,,,,,,,,,
2015,7,7,188,1219,0.12,1.1,0,6.75,1.1,7.43,0,0,0,0,0,62.59,292.48,146.24,292.48,229.89,64.16,,,,,,,,,
2015,7,8,189,1219,0.12,1.1,0,6.26,1.1,6.89,0,0,0,0,6.89,62.59,292.48,146.24,285.59,229.89,0,,,,,,,,,
2015,7,9,190,1219,0.12,1.1,0,4.34,1.1,4.77,0,0,0,0,11.66,62.59,292.48,146.24,280.82,229.89,0,,,,,,,,,
2015,7,10,191,1219,0.12,1.1,0,5.16,1.1,5.68,0,0,0,0,17.34,62.59,292.48,146.24,275.14,229.89,0,,,,,,,,,
2015,7,11,192,1219,0.12,1.1,0,6.34,1.1,6.97,0,0,0,0,24.31,62.59,292.48,146.24,268.17,229.89,0,,,,,,,,,
2015,7,12,193,1219,0.12,1.1,0,6.49,1.1,7.14,0,0,0,0,31.45,62.59,292.48,146.24,261.03,229.89,0,,,,,,,,,
2015,7,13,194,1219,0.12,1.1,0,6.6,1.1,7.26,0,0,0,0,38.71,62.59,292.48,146.24,253.77,229.89,0,,,,,,,,,
2015,7,14,195,1219,0.12,1.1,0,6.42,1.1,7.06,0,0,0,0,45.77,62.59,292.48,146.24,246.71,229.89,0,,,,,,,,,
2015,7,15,196,1219,0.12,1.1,0,6.62,1.1,7.28,0,0,0,0,53.05,62.59,292.48,146.24,239.43,229.89,0,,,,,,,,,
2015,7,16,197,1219,0.12,1.1,0,7.07,1.1,7.78,0,0,0,0,60.83,62.59,292.48,146.24,231.65,229.89,0,,,,,,,,,
2015,7,17,198,1219,0.11,1.1,0,7.25,1.1,7.98,0,0,0,0,0,62.59,292.48,146.24,292.48,229.89,68.81,,,,,,,,,
2015,7,18,199,1219,0.11,1.1,0,7.24,1.1,7.96,0,0,0,0,7.96,62.59,292.48,146.24,284.52,229.89,0,,,,,,,,,
2015,7,19,200,1219,0.11,1.1,0,6.8,1.1,7.48,0,0,0,0,15.44,62.59,292.48,146.24,277.04,229.89,0,,,,,,,,,
2015,7,20,201,1219,0.11,1.1,0,7.29,1.1,8.02,0,0,0,0,23.46,62.59,292.48,146.24,269.02,229.89,0,,,,,,,,,
2015,7,21,202,1219,0.11,1.1,0,7.21,1.1,7.93,0,0,0,0,31.39,62.59,292.48,146.24,261.09,229.89,0,,,,,,,,,
2015,7,22,203,1219,0.11,1.1,0,6.8,1.1,7.48,0,0,0,0,38.87,62.59,292.48,146.24,253.61,229.89,0,,,,,,,,,
2015,7,23,204,1219,0.11,1.1,0,6.1,1.1,6.71,0,0,0,0,45.58,62.59,292.48,146.24,246.9,229.89,0,,,,,,,,,
2015,7,24,205,1219,0.11,1.1,0,6.35,1.1,6.99,0,0,0,0,52.57,62.59,292.48,146.24,239.91,229.89,0,,,,,,,,,
2015,7,25,206,1219,0.11,1.1,0,6.41,1.1,7.05,0,0,0,0,59.62,62.59,292.48,146.24,232.86,229.89,0,,,,,,,,,
2015,7,26,207,1219,0.11,1.1,0,6.42,1.1,7.06,0,0,0,0,0,62.59,292.48,146.24,292.48,229.89,66.68,,,,,,,,,
2015,7,27,208,1219,0.11,1.1,0,7.39,1.1,8.13,0,0,0,0,8.13,62.59,292.48,146.24,284.35,229.89,0,,,,,,,,,
2015,7,28,209,1219,0.11,1.1,0,7.74,1.1,8.51,0,0,0,0,16.64,62.59,292.48,146.24,275.84,229.89,0,,,,,,,,,
2015,7,29,210,1219,0.11,1.1,0,7.42,1.1,8.16,0,0,0,0,24.81,62.59,292.48,146.24,267.68,229.89,0,,,,,,,,,
2015,7,30,211,1219,0.11,1.1,0,7.73,1.1,8.5,0,0,0,0,33.31,62.59,292.48,146.24,259.17,229.89,0,,,,,,,,,
2015,7,31,212,1219,0.1,1.1,0,6.63,1.1,7.29,0,0,0,0,40.6,62.59,292.48,146.24,251.88,229.89,0,,,,,,,,,
2015,8,1,213,1219,0.1,1.1,0,6.93,1.1,7.62,0,0,0,0,48.22,62.59,292.48,146.24,244.26,229.89,0,,,,,,,,,
2015,8,2,214,1219,0.1,1.1,0,6.78,1.1,7.44,0,0,0,0,55.66,62.59,292.48,146.24,236.82,229.89,0,,,,,,,,,
2015,8,3,215,1219,0.1,1.09,0,6.81,1.09,7.45,0,0,0,0,0,62.59,292.48,146.24,292.48,229.89,63.11,,,,,,,,,
2015,8,4,216,1219,0.1,1.09,0,4.69,1.09,5.11,0,0,0,0,5.11,62.59,292.48,146.24,287.37,229.89,0,,,,,,,,,
2015,8,5,217,1219,0.1,1.09,0,5.76,1.09,6.26,0,0,0,0,11.37,62.59,292.48,146.24,281.11,229.89,0,,,,,,,,,
2015,8,6,218,1219,0.1,1.08,0,4.25,1.08,4.6,0,0,0,0,15.98,62.59,292.48,146.24,276.5,229.89,0,,,,,,,,,
2015,8,7,219,1219,0.1,1.08,0,6.71,1.08,7.25,0,0,0,0,23.22,62.59,292.48,146.24,269.26,229.89,0,,,,,,,,,
2015,8,8,220,1219,0.1,1.08,0,5.96,1.08,6.42,0,0,0,0,29.64,62.59,292.48,146.24,262.84,229.89,0,,,,,,,,,
2015,8,9,221,1219,0.1,1.07,0,6.56,1.07,7.04,0,0,0,0,36.68,62.59,292.48,146.24,255.8,229.89,0,,,,,,,,,
2015,8,10,222,1219,0.1,1.07,0,6.58,1.07,7.04,0,0,0,0,43.72,62.59,292.48,146.24,248.76,229.89,0,,,,,,,,,
2015,8,11,223,1219,0.1,1.07,0,6.4,1.07,6.83,0,0,0,0,50.55,62.59,292.48,146.24,241.93,229.89,0,,,,,,,,,
2015,8,12,224,1219,0.1,1.06,0,6.33,1.06,6.73,0,0,0,0,57.28,62.59,292.48,146.24,235.2,229.89,0,,,,,,,,,
2015,8,13,225,1219,0.1,1.06,0,6.45,1.06,6.84,0,0,0,0,0,62.59,292.48,146.24,292.48,229.89,64.12,,,,,,,,,
2015,8,14,226,1219,0.1,1.06,0,6.13,1.06,6.48,0,0,0,0,6.48,62.59,292.48,146.24,286,229.89,0,,,,,,,,,
2015,8,15,227,1219,0.1,1.05,0,6.42,1.05,6.76,0,0,0,0,13.24,62.59,292.48,146.24,279.24,229.89,0,,,,,,,,,
2015,8,16,228,1219,0.1,1.05,0,6.66,1.05,6.99,0,0,0,0,20.23,62.59,292.48,146.24,272.25,229.89,0,,,,,,,,,
2015,8,17,229,1219,0.1,1.05,0,7.09,1.05,7.42,0,0,0,0,27.65,62.59,292.48,146.24,264.83,229.89,0,,,,,,,,,
2015,8,18,230,1219,0.1,1.04,0,6.79,1.04,7.08,0,0,0,0,34.74,62.59,292.48,146.24,257.74,229.89,0,,,,,,,,,
2015,8,19,231,1219,0.1,1.04,0,6.18,1.04,6.43,0,0,0,0,41.17,62.59,292.48,146.24,251.31,229.89,0,,,,,,,,,
2015,8,20,232,1219,0.1,1.04,0,5.52,1.04,5.72,0,0,0,0,46.89,62.59,292.48,146.24,245.59,229.89,0,,,,,,,,,
2015,8,21,233,1219,0.09,1.03,0,5.62,1.03,5.81,0,0,0,0,52.69,73.12,292.48,146.24,239.79,219.36,0,,,,,,,,,
2015,8,22,234,1219,0.09,1.03,0,5.69,1.03,5.86,0,0,0,0,58.56,73.12,292.48,146.24,233.92,219.36,0,,,,,,,,,
2015,8,23,235,1219,0.09,1.03,0,5.75,1.03,5.9,0,0,0,0,64.46,73.12,292.48,146.24,228.02,219.36,0,,,,,,,,,
2015,8,24,236,1219,0.09,1.02,0,6.23,1.02,6.38,0,0,0,0,70.83,73.12,292.48,146.24,221.65,219.36,0,,,,,,,,,
2015,8,25,237,1219,0.09,1.02,0,6.51,1.02,6.64,0,0,0,0,0,73.12,292.48,146.24,292.48,219.36,77.47,,,,,,,,,
2015,8,26,238,1219,0.09,1.02,0,6.64,1.02,6.75,0,0,0,0,6.75,73.12,292.48,146.24,285.73,219.36,0,,,,,,,,,
2015,8,27,239,1219,0.09,1.01,0,6.82,1.01,6.91,0,0,0,0,13.66,73.12,292.48,146.24,278.82,219.36,0,,,,,,,,,
2015,8,28,240,1219,0.09,1.01,0,6.79,1.01,6.86,0,0,0,0,20.52,73.12,292.48,146.24,271.96,219.36,0,,,,,,,,,
2015,8,29,241,1219,0.09,1.01,0,5.21,1.01,5.24,0,0,0,0,25.76,73.12,292.48,146.24,266.72,219.36,0,,,,,,,,,
2015,8,30,242,1219,0.09,1,0,5.54,1,5.56,0,0,0,0,31.32,73.12,292.48,146.24,261.16,219.36,0,,,,,,,,,
2015,8,31,243,1219,0.09,1,0,5.7,1,5.7,0,0,0,0,37.02,73.12,292.48,146.24,255.46,219.36,0,,,,,,,,,
2015,9,1,244,1219,0.09,0,0,5.68,0.09,0.52,0,0,0,0,24,24,292.48,146.24,268.48,268.48,0,,,,,,,,,
2015,9,2,245,1219,0.09,0,0,5.54,0.09,0.5,0,0,0,0,24.5,24,292.48,146.24,267.98,268.48,0,,,,,,,,,
2015,9,3,246,1219,0.09,0,0,5.19,0.09,0.47,0,0,0,0,24,24,292.48,146.24,268.48,268.48,0,,,,,,,,,
2015,9,4,247,1219,0.09,0,0,5.28,0.09,0.47,0,0,0,0,24.47,24,292.48,146.24,268.01,268.48,0,,,,,,,,,
2015,9,5,248,1219,0.09,0,0,5.7,0.09,0.51,0,0,0,0,24,24,292.48,146.24,268.48,268.48,0,,,,,,,,,
2015,9,6,249,1219,0.09,0,0,5.21,0.09,0.47,0,0,0,0,24.47,24,292.48,146.24,268.01,268.48,0,,,,,,,,,
2015,9,7,250,1219,0.09,0,0,5.47,0.09,0.49,0,0,0,0,24,24,292.48,146.24,268.48,268.48,0,,,,,,,,,
2015,9,8,251,1219,0.09,0,0,5.43,0.09,0.48,0,0,0,0,24.48,24,292.48,146.24,268,268.48,0,,,,,,,,,
2015,9,9,252,1219,0.09,0,0,6.14,0.09,0.54,0,0,0,0,24,24,292.48,146.24,268.48,268.48,0,,,,,,,,,
2015,9,10,253,1219,0.09,0,0,6.51,0.09,0.57,0,0,0,0,24.57,24,292.48,146.24,267.91,268.48,0,,,,,,,,,
2015,9,11,254,1219,0.09,0,0,6.2,0.09,0.54,0,0,0,0,24,24,292.48,146.24,268.48,268.48,0,,,,,,,,,
2015,9,12,255,1219,0.09,0,0,4.62,0.09,0.4,0,0,0,0,24.4,24,292.48,146.24,268.08,268.48,0,,,,,,,,,
2015,9,13,256,1219,0.09,0,0,5.3,0.09,0.46,0,0,0,0,24,24,292.48,146.24,268.48,268.48,0,,,,,,,,,
2015,9,14,257,1219,0.09,0,0,3.97,0.09,0.35,0,0,0,0,24.35,24,292.48,146.24,268.13,268.48,0,,,,,,,,,
2015,9,15,258,1219,0.09,0,0,4.59,0.09,0.4,0,0,0,0,24,24,292.48,146.24,268.48,268.48,0,,,,,,,,,
2015,9,16,259,1219,0.09,0,0,3.31,0.09,0.29,0,0,0,0,24.29,24,292.48,146.24,268.19,268.48,0,,,,,,,,,
2015,9,17,260,1219,0.09,0,0,3.92,0.09,0.34,0.05,0.05,0,0,24,24,292.48,146.24,268.48,268.48,0,,,,,,,,,
2015,9,18,261,1219,0.09,0,0,4.51,0.09,0.39,0,0,0,0,24.39,24,292.48,146.24,268.09,268.48,0,,,,,,,,,
2015,9,19,262,1219,0.09,0,0,4.71,0.09,0.41,0,0,0,0,24,24,292.48,146.24,268.48,268.48,0,,,,,,,,,
2015,9,20,263,1219,0.09,0,0,4.75,0.09,0.41,0,0,0,0,24.41,24,292.48,146.24,268.07,268.48,0,,,,,,,,,
2015,9,21,264,1219,0.09,0,0,5.54,0.09,0.47,0,0,0,0,24,24,292.48,146.24,268.48,268.48,0,,,,,,,,,
2015,9,22,265,1219,0.09,0,0,5.48,0.09,0.47,0,0,0,0,24.47,24,292.48,146.24,268.01,268.48,0,,,,,,,,,
2015,9,23,266,1219,0.09,0,0,4.54,0.09,0.39,0,0,0,0,24,24,292.48,146.24,268.48,268.48,0,,,,,,,,,
2015,9,24,267,1219,0.09,0,0,4.54,0.09,0.39,0,0,0,0,24.39,24,292.48,146.24,268.09,268.48,0,,,,,,,,,
2015,9,25,268,1219,0.08,0,0,5.54,0.08,0.47,0,0,0,0,24,24,292.48,146.24,268.48,268.48,0,,,,,,,,,
2015,9,26,269,1219,0.08,0,0,5.3,0.08,0.45,0,0,0,0,24.45,24,292.48,146.24,268.03,268.48,0,,,,,,,,,
2015,9,27,270,1219,0.08,0,0,3.95,0.08,0.33,0,0,0,0,24,24,292.48,146.24,268.48,268.48,0,,,,,,,,,
2015,9,28,271,1219,0.08,0,0,4.53,0.08,0.38,0,0,0,0,24.38,24,292.48,146.24,268.1,268.48,0,,,,,,,,,
2015,9,29,272,1219,0.08,0,0,4.09,0.08,0.34,0,0,0,0,24,24,292.48,146.24,268.48,268.48,0,,,,,,,,,
2015,9,30,273,1219,0.08,0,0,1.96,0.08,0.16,0,0,0,0,24.16,24,292.48,146.24,268.32,268.48,0,,,,,,,,,