 Daily soil water balance output for Cherries in 186_Yolo DAU_Co within 05_Sacramento River for WY 2015,,,,,,,,,,,,,,,,,,,,,,,Annual and in-season monthly output  for Cherries in 186_Yolo DAU_Co within 05_Sacramento River for WY 2015,,,,,,,
Year,Mon,Day,DOY, Area,OKc,IKc,CCKc,ETo,Kc,ETc,Pcp,Er,Spg,Espg,SWD,SWDx,FC,PWP,SWC, YT ,NA,,Year,Mon, Area,ETo,ETc,ETc,ETc,ETc
 #  , # , # ,  #,Acres,   ,   ,    , mm,mm, mm, mm,mm, mm, mm , mm, mm ,mm, mm, mm, mm, mm,,#  , # , Acres, mm, mm,acre-ft, mm,acre-ft
2014,10,1,274,38,0.56,1.05,0,6.18,1.05,6.49,0,0,0,0,75.15,102.87,411.48,205.74,336.33,308.61,0,,2014,10,38,103.42,98.27,12.25,98.26,12.25
2014,10,2,275,38,0.52,1.05,0,4.2,1.05,4.41,0,0,0,0,79.56,102.87,411.48,205.74,331.92,308.61,0,,2014,11,38,43.39,42.98,5.36,0,0.00
2014,10,3,276,38,0.48,1.04,0,4.14,1.04,4.31,0,0,0,0,83.87,102.87,411.48,205.74,327.61,308.61,0,,2014,12,38,32.08,34.90,4.35,0,0.00
2014,10,4,277,38,0.45,1.03,0,4.18,1.03,4.32,0,0,0,0,88.19,102.87,411.48,205.74,323.29,308.61,0,,2015,1,38,33.25,17.16,2.14,0,0.00
2014,10,5,278,38,0.43,1.02,0,4.06,1.02,4.16,0,0,0,0,92.35,102.87,411.48,205.74,319.13,308.61,0,,2015,2,38,56.91,36.39,4.54,0,0.00
2014,10,6,279,38,0.41,1.02,0,4.12,1.02,4.18,0,0,0,0,96.53,102.87,411.48,205.74,314.95,308.61,0,,2015,3,38,104.95,71.45,8.91,71.47,8.91
2014,10,7,280,38,0.39,1.01,0,4.25,1.01,4.28,0,0,0,0,100.81,102.87,411.48,205.74,310.67,308.61,0,,2015,4,38,140.99,117.08,14.60,117.06,14.59
2014,10,8,281,38,0.37,1,0,4.81,1,4.8,0,0,0,0,0,102.87,411.48,205.74,411.48,308.61,105.61,,2015,5,38,160.57,154.10,19.21,154.1,19.21
2014,10,9,282,38,0.35,0.99,0,4.33,0.99,4.29,0,0,0,0,4.29,102.87,411.48,205.74,407.19,308.61,0,,2015,6,38,209.56,220.02,27.43,220.01,27.43
2014,10,10,283,38,0.34,0.98,0,3.77,0.98,3.7,0,0,0,0,7.98,102.87,411.48,205.74,403.5,308.61,0,,2015,7,38,216.77,227.61,28.38,227.61,28.38
2014,10,11,284,38,0.33,0.97,0,3.53,0.97,3.43,0,0,0,0,11.42,102.87,411.48,205.74,400.06,308.61,0,,2015,8,38,196.26,206.07,25.69,206.07,25.69
2014,10,12,285,38,0.32,0.96,0,6.72,0.96,6.48,0,0,0,0,17.89,102.87,411.48,205.74,393.59,308.61,0,,2015,9,38,150.85,158.40,19.75,158.39,19.75
2014,10,13,286,38,0.31,0.96,0,4.16,0.96,3.97,0,0,0,0,21.87,102.87,411.48,205.74,389.61,308.61,0,,,,,,,,,
2014,10,14,287,38,0.3,0.95,0,3.14,0.95,2.97,0,0,0,0,24.84,102.87,411.48,205.74,386.64,308.61,0,,,,,,,,,
2014,10,15,288,38,0.3,0.94,0,2.28,0.94,2.14,1.75,1.75,0,0,25.23,102.87,411.48,205.74,386.25,308.61,0,,,,,,,,,
2014,10,16,289,38,0.29,0.93,0,2.67,0.93,2.48,0.08,0.08,0,0,27.63,102.87,411.48,205.74,383.85,308.61,0,,,,,,,,,
2014,10,17,290,38,0.29,0.92,0,2.51,0.92,2.31,0,0,0,0,29.94,102.87,411.48,205.74,381.54,308.61,0,,,,,,,,,
2014,10,18,291,38,0.29,0.91,0,2.9,0.91,2.65,0,0,0,0,32.58,102.87,411.48,205.74,378.9,308.61,0,,,,,,,,,
2014,10,19,292,38,0.28,0.9,0,3.02,0.9,2.73,0,0,0,0,35.31,102.87,411.48,205.74,376.17,308.61,0,,,,,,,,,
2014,10,20,293,38,0.28,0.89,0,2.28,0.89,2.04,0,0,0,0,37.35,102.87,411.48,205.74,374.13,308.61,0,,,,,,,,,
2014,10,21,294,38,0.27,0.89,0,2.62,0.89,2.32,0,0,0,0,39.67,102.87,411.48,205.74,371.81,308.61,0,,,,,,,,,
2014,10,22,295,38,0.27,0.88,0,2.57,0.88,2.26,0,0,0,0,41.93,102.87,411.48,205.74,369.55,308.61,0,,,,,,,,,
2014,10,23,296,38,0.27,0.87,0,2.45,0.87,2.13,0,0,0,0,44.06,102.87,411.48,205.74,367.42,308.61,0,,,,,,,,,
2014,10,24,297,38,0.26,0.86,0,2.62,0.86,2.25,0,0,0,0,46.31,102.87,411.48,205.74,365.17,308.61,0,,,,,,,,,
2014,10,25,298,38,0.26,0.85,0,2.31,0.85,1.97,0,0,0,0,48.28,102.87,411.48,205.74,363.2,308.61,0,,,,,,,,,
2014,10,26,299,38,0.26,0.84,0,2.62,0.84,2.21,2.42,2.42,0,0,48.07,102.87,411.48,205.74,363.41,308.61,0,,,,,,,,,
2014,10,27,300,38,0.26,0.83,0,2.46,0.83,2.05,0,0,0,0,50.12,102.87,411.48,205.74,361.36,308.61,0,,,,,,,,,
2014,10,28,301,38,0.25,0.83,0,2.35,0.83,1.94,0,0,0,0,52.06,102.87,411.48,205.74,359.42,308.61,0,,,,,,,,,
2014,10,29,302,38,0.25,0.82,0,2.4,0.82,1.96,0,0,0,0,54.02,102.87,411.48,205.74,357.46,308.61,0,,,,,,,,,
2014,10,30,303,38,0.25,0.81,0,2.55,0.81,2.06,0,0,0,0,56.09,102.87,411.48,205.74,355.39,308.61,0,,,,,,,,,
2014,10,31,304,38,0.25,0.8,0,1.22,0.8,0.98,0,0,0,0,57.06,102.87,411.48,205.74,354.42,308.61,0,,,,,,,,,
2014,11,1,305,38,1.15,0,0,1.85,1.15,2.12,9.51,9.51,0,0,20.25,20.25,411.48,205.74,391.23,391.23,0,,,,,,,,,
2014,11,2,306,38,1.14,0,0,2.22,1.14,2.53,0,0,0,0,22.78,20.25,411.48,205.74,388.7,391.23,0,,,,,,,,,
2014,11,3,307,38,1.14,0,0,1.82,1.14,2.08,0,0,0,0,20.25,20.25,411.48,205.74,391.23,391.23,0,,,,,,,,,
2014,11,4,308,38,1.01,0,0,1.76,1.01,1.77,0,0,0,0,22.02,20.25,411.48,205.74,389.46,391.23,0,,,,,,,,,
2014,11,5,309,38,0.91,0,0,1.77,0.91,1.6,0,0,0,0,20.25,20.25,411.48,205.74,391.23,391.23,0,,,,,,,,,
2014,11,6,310,38,0.82,0,0,1.95,0.82,1.61,0,0,0,0,21.86,20.25,411.48,205.74,389.62,391.23,0,,,,,,,,,
2014,11,7,311,38,0.76,0,0,2.02,0.76,1.53,0,0,0,0,20.25,20.25,411.48,205.74,391.23,391.23,0,,,,,,,,,
2014,11,8,312,38,0.71,0,0,1.91,0.71,1.36,0,0,0,0,21.61,20.25,411.48,205.74,389.87,391.23,0,,,,,,,,,
2014,11,9,313,38,0.67,0,0,1.87,0.67,1.25,0,0,0,0,20.25,20.25,411.48,205.74,391.23,391.23,0,,,,,,,,,
2014,11,10,314,38,0.63,0,0,2.04,0.63,1.29,0,0,0,0,21.54,20.25,411.48,205.74,389.94,391.23,0,,,,,,,,,
2014,11,11,315,38,0.61,0,0,1.51,0.61,0.92,0,0,0,0,20.25,20.25,411.48,205.74,391.23,391.23,0,,,,,,,,,
2014,11,12,316,38,0.59,0,0,1.4,0.59,0.83,0,0,0,0,21.08,20.25,411.48,205.74,390.4,391.23,0,,,,,,,,,
2014,11,13,317,38,1.18,0,0,0.94,1.18,1.11,3.18,3.18,0,0,17.9,20.25,411.48,205.74,393.58,391.23,0,,,,,,,,,
2014,11,14,318,38,1.17,0,0,1.24,1.17,1.45,2.3,2.3,0,0,17.05,20.25,411.48,205.74,394.43,391.23,0,,,,,,,,,
2014,11,15,319,38,1.17,0,0,1.23,1.17,1.44,0,0,0,0,18.49,20.25,411.48,205.74,392.99,391.23,0,,,,,,,,,
2014,11,16,320,38,1.16,0,0,2.03,1.16,2.35,0,0,0,0,20.84,20.25,411.48,205.74,390.64,391.23,0,,,,,,,,,
2014,11,17,321,38,1.11,0,0,1.87,1.11,2.07,0,0,0,0,20.25,20.25,411.48,205.74,391.23,391.23,0,,,,,,,,,
2014,11,18,322,38,1,0,0,1.42,1,1.42,0,0,0,0,21.67,20.25,411.48,205.74,389.81,391.23,0,,,,,,,,,
2014,11,19,323,38,0.95,0,0,1,0.95,0.95,0,0,0,0,20.25,20.25,411.48,205.74,391.23,391.23,0,,,,,,,,,
2014,11,20,324,38,1.19,0,0,0.63,1.19,0.75,3.48,3.48,0,0,17.52,20.25,411.48,205.74,393.96,391.23,0,,,,,,,,,
2014,11,21,325,38,1.19,0,0,0.77,1.19,0.92,4.74,4.74,0,0,13.7,20.25,411.48,205.74,397.78,391.23,0,,,,,,,,,
2014,11,22,326,38,1.18,0,0,1.08,1.18,1.28,0.6,0.6,0,0,14.38,20.25,411.48,205.74,397.1,391.23,0,,,,,,,,,
2014,11,23,327,38,1.16,0,0,1.44,1.16,1.67,1.87,1.87,0,0,14.18,20.25,411.48,205.74,397.3,391.23,0,,,,,,,,,
2014,11,24,328,38,1.16,0,0,1.37,1.16,1.59,0,0,0,0,15.77,20.25,411.48,205.74,395.71,391.23,0,,,,,,,,,
2014,11,25,329,38,1.17,0,0,1.22,1.17,1.42,0,0,0,0,17.2,20.25,411.48,205.74,394.28,391.23,0,,,,,,,,,
2014,11,26,330,38,1.17,0,0,1.16,1.17,1.35,0,0,0,0,18.55,20.25,411.48,205.74,392.93,391.23,0,,,,,,,,,
2014,11,27,331,38,1.11,0,0,1.2,1.11,1.33,0,0,0,0,19.89,20.25,411.48,205.74,391.59,391.23,0,,,,,,,,,
2014,11,28,332,38,1.02,0,0,1.15,1.02,1.18,0,0,0,0,21.06,20.25,411.48,205.74,390.42,391.23,0,,,,,,,,,
2014,11,29,333,38,1.19,0,0,0.86,1.19,1.02,4.67,4.67,0,0,16.39,20.25,411.48,205.74,395.09,391.23,0,,,,,,,,,
2014,11,30,334,38,1.19,0,0,0.66,1.19,0.79,6.84,6.84,0,0,10.34,20.25,411.48,205.74,401.14,391.23,0,,,,,,,,,
2014,12,1,335,38,1.18,0,0,1.03,1.18,1.21,3.4,3.4,0,0,8.16,20.25,411.48,205.74,403.32,391.23,0,,,,,,,,,
2014,12,2,336,38,1.19,0,0,0.67,1.19,0.8,1.57,1.57,0,0,7.39,20.25,411.48,205.74,404.09,391.23,0,,,,,,,,,
2014,12,3,337,38,1.18,0,0,1.07,1.18,1.26,42.83,8.65,0,0,0,20.25,411.48,205.74,411.48,391.23,0,,,,,,,,,
2014,12,4,338,38,1.18,0,0,1.07,1.18,1.26,23.53,1.26,0,0,0,20.25,411.48,205.74,411.48,391.23,0,,,,,,,,,
2014,12,5,339,38,1.18,0,0,0.94,1.18,1.11,0.2,0.2,0,0,0.91,20.25,411.48,205.74,410.57,391.23,0,,,,,,,,,
2014,12,6,340,38,1.18,0,0,1.08,1.18,1.27,3.02,2.18,0,0,0,20.25,411.48,205.74,411.48,391.23,0,,,,,,,,,
2014,12,7,341,38,1.18,0,0,0.8,1.18,0.95,0.51,0.51,0,0,0.44,20.25,411.48,205.74,411.04,391.23,0,,,,,,,,,
2014,12,8,342,38,1.18,0,0,0.83,1.18,0.98,0,0,0,0,1.42,20.25,411.48,205.74,410.06,391.23,0,,,,,,,,,
2014,12,9,343,38,1.19,0,0,0.69,1.19,0.82,0,0,0,0,2.24,20.25,411.48,205.74,409.24,391.23,0,,,,,,,,,
2014,12,10,344,38,1.19,0,0,0.97,1.19,1.15,0,0,0,0,3.39,20.25,411.48,205.74,408.09,391.23,0,,,,,,,,,
2014,12,11,345,38,1.18,0,0,1.19,1.18,1.41,0.75,0.75,0,0,4.04,20.25,411.48,205.74,407.44,391.23,0,,,,,,,,,
2014,12,12,346,38,1.2,0,0,0.6,1.2,0.72,73.65,4.76,0,0,0,20.25,411.48,205.74,411.48,391.23,0,,,,,,,,,
2014,12,13,347,38,1.19,0,0,0.67,1.19,0.8,1.55,0.8,0,0,0,20.25,411.48,205.74,411.48,391.23,0,,,,,,,,,
2014,12,14,348,38,1.19,0,0,0.69,1.19,0.82,0,0,0,0,0.82,20.25,411.48,205.74,410.66,391.23,0,,,,,,,,,
2014,12,15,349,38,1.19,0,0,0.87,1.19,1.03,5.34,1.85,0,0,0,20.25,411.48,205.74,411.48,391.23,0,,,,,,,,,
2014,12,16,350,38,1.17,0,0,1.18,1.17,1.38,10.1,1.38,0,0,0,20.25,411.48,205.74,411.48,391.23,0,,,,,,,,,
2014,12,17,351,38,1.18,0,0,0.96,1.18,1.13,14.67,1.13,0,0,0,20.25,411.48,205.74,411.48,391.23,0,,,,,,,,,
2014,12,18,352,38,1.18,0,0,0.91,1.18,1.08,2.9,1.08,0,0,0,20.25,411.48,205.74,411.48,391.23,0,,,,,,,,,
2014,12,19,353,38,1.19,0,0,0.81,1.19,0.96,0.09,0.09,0,0,0.87,20.25,411.48,205.74,410.61,391.23,0,,,,,,,,,
2014,12,20,354,38,1.19,0,0,0.63,1.19,0.75,18.41,1.62,0,0,0,20.25,411.48,205.74,411.48,391.23,0,,,,,,,,,
2014,12,21,355,38,1.19,0,0,0.96,1.19,1.14,0.07,0.07,0,0,1.07,20.25,411.48,205.74,410.41,391.23,0,,,,,,,,,
2014,12,22,356,38,1.19,0,0,0.78,1.19,0.93,0,0,0,0,2,20.25,411.48,205.74,409.48,391.23,0,,,,,,,,,
2014,12,23,357,38,1.19,0,0,0.72,1.19,0.86,0,0,0,0,2.85,20.25,411.48,205.74,408.63,391.23,0,,,,,,,,,
2014,12,24,358,38,1.19,0,0,0.97,1.19,1.15,0,0,0,0,4.01,20.25,411.48,205.74,407.47,391.23,0,,,,,,,,,
2014,12,25,359,38,1.16,0,0,1.86,1.16,2.16,0.69,0.69,0,0,5.48,20.25,411.48,205.74,406,391.23,0,,,,,,,,,
2014,12,26,360,38,1.01,0,0,1.91,1.01,1.92,0,0,0,0,7.4,20.25,411.48,205.74,404.08,391.23,0,,,,,,,,,
2014,12,27,361,38,0.96,0,0,0.77,0.96,0.74,0,0,0,0,8.14,20.25,411.48,205.74,403.34,391.23,0,,,,,,,,,
2014,12,28,362,38,0.92,0,0,0.76,0.92,0.7,0,0,0,0,8.84,20.25,411.48,205.74,402.64,391.23,0,,,,,,,,,
2014,12,29,363,38,0.9,0,0,0.55,0.9,0.49,0,0,0,0,9.33,20.25,411.48,205.74,402.15,391.23,0,,,,,,,,,
2014,12,30,364,38,0.8,0,0,2.47,0.8,1.98,0,0,0,0,11.31,20.25,411.48,205.74,400.17,391.23,0,,,,,,,,,
2014,12,31,365,38,0.72,0,0,2.67,0.72,1.94,0,0,0,0,13.25,20.25,411.48,205.74,398.23,391.23,0,,,,,,,,,
2015,1,1,1,38,0.71,0,0,0.85,0.71,0.6,0,0,0,0,13.85,20.25,411.48,205.74,397.63,391.23,0,,,,,,,,,
2015,1,2,2,38,0.69,0,0,0.87,0.69,0.6,0,0,0,0,14.45,20.25,411.48,205.74,397.03,391.23,0,,,,,,,,,
2015,1,3,3,38,0.67,0,0,0.86,0.67,0.58,0,0,0,0,15.02,20.25,411.48,205.74,396.46,391.23,0,,,,,,,,,
2015,1,4,4,38,0.65,0,0,0.96,0.65,0.63,0,0,0,0,15.65,20.25,411.48,205.74,395.83,391.23,0,,,,,,,,,
2015,1,5,5,38,0.64,0,0,0.86,0.64,0.55,0,0,0,0,16.2,20.25,411.48,205.74,395.28,391.23,0,,,,,,,,,
2015,1,6,6,38,0.62,0,0,1.17,0.62,0.73,0,0,0,0,16.93,20.25,411.48,205.74,394.55,391.23,0,,,,,,,,,
2015,1,7,7,38,0.6,0,0,1.19,0.6,0.72,0,0,0,0,17.64,20.25,411.48,205.74,393.84,391.23,0,,,,,,,,,
2015,1,8,8,38,0.59,0,0,1.04,0.59,0.61,0,0,0,0,18.26,20.25,411.48,205.74,393.22,391.23,0,,,,,,,,,
2015,1,9,9,38,0.58,0,0,0.87,0.58,0.5,0,0,0,0,18.76,20.25,411.48,205.74,392.72,391.23,0,,,,,,,,,
2015,1,10,10,38,0.57,0,0,0.96,0.57,0.54,0,0,0,0,19.3,20.25,411.48,205.74,392.18,391.23,0,,,,,,,,,
2015,1,11,11,38,0.56,0,0,0.9,0.56,0.5,0,0,0,0,19.81,20.25,411.48,205.74,391.67,391.23,0,,,,,,,,,
2015,1,12,12,38,0.55,0,0,1.06,0.55,0.58,0,0,0,0,20.38,20.25,411.48,205.74,391.1,391.23,0,,,,,,,,,
2015,1,13,13,38,0.53,0,0,1.19,0.53,0.64,0,0,0,0,20.25,20.25,411.48,205.74,391.23,391.23,0,,,,,,,,,
2015,1,14,14,38,0.53,0,0,0.73,0.53,0.39,0,0,0,0,20.64,20.25,411.48,205.74,390.84,391.23,0,,,,,,,,,
2015,1,15,15,38,0.52,0,0,0.73,0.52,0.38,0,0,0,0,20.25,20.25,411.48,205.74,391.23,391.23,0,,,,,,,,,
2015,1,16,16,38,0.52,0,0,0.62,0.52,0.32,0,0,0,0,20.57,20.25,411.48,205.74,390.91,391.23,0,,,,,,,,,
2015,1,17,17,38,0.51,0,0,0.57,0.51,0.29,0.16,0.16,0,0,20.25,20.25,411.48,205.74,391.23,391.23,0,,,,,,,,,
2015,1,18,18,38,0.51,0,0,0.61,0.51,0.31,0,0,0,0,20.56,20.25,411.48,205.74,390.92,391.23,0,,,,,,,,,
2015,1,19,19,38,0.5,0,0,0.7,0.5,0.35,0,0,0,0,20.25,20.25,411.48,205.74,391.23,391.23,0,,,,,,,,,
2015,1,20,20,38,0.49,0,0,0.76,0.49,0.38,0,0,0,0,20.63,20.25,411.48,205.74,390.85,391.23,0,,,,,,,,,
2015,1,21,21,38,0.49,0,0,0.95,0.49,0.46,0,0,0,0,20.25,20.25,411.48,205.74,391.23,391.23,0,,,,,,,,,
2015,1,22,22,38,0.48,0,0,0.76,0.48,0.37,0,0,0,0,20.62,20.25,411.48,205.74,390.86,391.23,0,,,,,,,,,
2015,1,23,23,38,0.48,0,0,0.98,0.48,0.47,0,0,0,0,20.25,20.25,411.48,205.74,391.23,391.23,0,,,,,,,,,
2015,1,24,24,38,0.47,0,0,0.95,0.47,0.45,0,0,0,0,20.7,20.25,411.48,205.74,390.78,391.23,0,,,,,,,,,
2015,1,25,25,38,0.46,0,0,1.05,0.46,0.49,0,0,0,0,20.25,20.25,411.48,205.74,391.23,391.23,0,,,,,,,,,
2015,1,26,26,38,0.45,0,0,1.32,0.45,0.6,0,0,0,0,20.85,20.25,411.48,205.74,390.63,391.23,0,,,,,,,,,
2015,1,27,27,38,0.45,0,0,1.1,0.45,0.49,0,0,0,0,20.25,20.25,411.48,205.74,391.23,391.23,0,,,,,,,,,
2015,1,28,28,38,0.44,0,0,1.57,0.44,0.69,0,0,0,0,20.94,20.25,411.48,205.74,390.54,391.23,0,,,,,,,,,
2015,1,29,29,38,0.43,0,0,1.46,0.43,0.63,0,0,0,0,20.25,20.25,411.48,205.74,391.23,391.23,0,,,,,,,,,
2015,1,30,30,38,0.42,0,0,2.03,0.42,0.86,0,0,0,0,21.11,20.25,411.48,205.74,390.37,391.23,0,,,,,,,,,
2015,1,31,31,38,0.41,0,0,3.58,0.41,1.45,0,0,0,0,20.25,20.25,411.48,205.74,391.23,391.23,0,,,,,,,,,
2015,2,1,32,38,0.4,0,0,1.45,0.4,0.58,0,0,0,0,20.83,20.25,411.48,205.74,390.65,391.23,0,,,,,,,,,
2015,2,2,33,38,0.39,0,0,1.48,0.39,0.58,0,0,0,0,20.25,20.25,411.48,205.74,391.23,391.23,0,,,,,,,,,
2015,2,3,34,38,0.39,0,0,1.52,0.39,0.59,0,0,0,0,20.84,20.25,411.48,205.74,390.64,391.23,0,,,,,,,,,
2015,2,4,35,38,0.38,0,0,1.47,0.38,0.56,0,0,0,0,20.25,20.25,411.48,205.74,391.23,391.23,0,,,,,,,,,
2015,2,5,36,38,0.38,0,0,1.17,0.38,0.44,0,0,0,0,20.69,20.25,411.48,205.74,390.79,391.23,0,,,,,,,,,
2015,2,6,37,38,0.37,0,0,2.17,0.37,0.81,0,0,0,0,20.25,20.25,411.48,205.74,391.23,391.23,0,,,,,,,,,
2015,2,7,38,38,1.16,0,0,1.44,1.16,1.67,33.87,21.92,0,0,0,20.25,411.48,205.74,411.48,391.23,0,,,,,,,,,
2015,2,8,39,38,1.17,0,0,1.29,1.17,1.51,4.7,1.51,0,0,0,20.25,411.48,205.74,411.48,391.23,0,,,,,,,,,
2015,2,9,40,38,1.14,0,0,1.97,1.14,2.25,23.02,2.25,0,0,0,20.25,411.48,205.74,411.48,391.23,0,,,,,,,,,
2015,2,10,41,38,1.14,0,0,1.83,1.14,2.09,0.18,0.18,0,0,1.91,20.25,411.48,205.74,409.57,391.23,0,,,,,,,,,
2015,2,11,42,38,1.15,0,0,1.59,1.15,1.83,0,0,0,0,3.74,20.25,411.48,205.74,407.74,391.23,0,,,,,,,,,
2015,2,12,43,38,1.03,0,0,1.98,1.03,2.03,0,0,0,0,5.77,20.25,411.48,205.74,405.71,391.23,0,,,,,,,,,
2015,2,13,44,38,0.91,0,0,2.03,0.91,1.84,0,0,0,0,7.61,20.25,411.48,205.74,403.87,391.23,0,,,,,,,,,
2015,2,14,45,38,0.82,0,0,2.18,0.82,1.78,0,0,0,0,9.39,20.25,411.48,205.74,402.09,391.23,0,,,,,,,,,
2015,2,15,46,38,0.75,0,0,2.09,0.75,1.57,0,0,0,0,10.96,20.25,411.48,205.74,400.52,391.23,0,,,,,,,,,
2015,2,16,47,38,0.7,0,0,2.24,0.7,1.56,0,0,0,0,12.52,20.25,411.48,205.74,398.96,391.23,0,,,,,,,,,
2015,2,17,48,38,0.66,0,0,1.94,0.66,1.28,0,0,0,0,13.8,20.25,411.48,205.74,397.68,391.23,0,,,,,,,,,
2015,2,18,49,38,0.63,0,0,1.5,0.63,0.95,0,0,0,0,14.74,20.25,411.48,205.74,396.74,391.23,0,,,,,,,,,
2015,2,19,50,38,0.62,0,0,1.08,0.62,0.66,0,0,0,0,15.41,20.25,411.48,205.74,396.07,391.23,0,,,,,,,,,
2015,2,20,51,38,0.59,0,0,1.97,0.59,1.16,0,0,0,0,16.57,20.25,411.48,205.74,394.91,391.23,0,,,,,,,,,
2015,2,21,52,38,0.57,0,0,1.62,0.57,0.92,0,0,0,0,17.49,20.25,411.48,205.74,393.99,391.23,0,,,,,,,,,
2015,2,22,53,38,0.53,0,0,3.74,0.53,1.97,0,0,0,0,19.46,20.25,411.48,205.74,392.02,391.23,0,,,,,,,,,
2015,2,23,54,38,0.49,0,0,4.35,0.49,2.13,0,0,0,0,21.58,20.25,411.48,205.74,389.9,391.23,0,,,,,,,,,
2015,2,24,55,38,0.47,0,0,2.85,0.47,1.33,0,0,0,0,20.25,20.25,411.48,205.74,391.23,391.23,0,,,,,,,,,
2015,2,25,56,38,0.45,0,0,2.19,0.45,0.99,0,0,0,0,21.24,20.25,411.48,205.74,390.24,391.23,0,,,,,,,,,
2015,2,26,57,38,0.44,0,0,3.07,0.44,1.34,0,0,0,0,20.25,20.25,411.48,205.74,391.23,391.23,0,,,,,,,,,
2015,2,27,58,38,0.42,0,0,2.77,0.42,1.17,0,0,0,0,21.42,20.25,411.48,205.74,390.06,391.23,0,,,,,,,,,
2015,2,28,59,38,0.41,0,0,1.93,0.41,0.8,0,0,0,0,20.25,20.25,411.48,205.74,391.23,391.23,0,,,,,,,,,
2015,3,1,60,38,0.4,0.55,0,2.68,0.55,1.47,0,0,0,0,21.72,96.1,411.48,205.74,389.76,315.38,0,,,,,,,,,
2015,3,2,61,38,0.39,0.56,0,2.33,0.56,1.29,0,0,0,0,23.02,96.1,411.48,205.74,388.46,315.38,0,,,,,,,,,
2015,3,3,62,38,0.38,0.56,0,2.59,0.56,1.45,1.02,1.02,0,0,23.45,96.1,411.48,205.74,388.03,315.38,0,,,,,,,,,
2015,3,4,63,38,0.37,0.57,0,2.6,0.57,1.47,0,0,0,0,24.92,96.1,411.48,205.74,386.56,315.38,0,,,,,,,,,
2015,3,5,64,38,0.36,0.57,0,2.79,0.57,1.59,0,0,0,0,26.52,96.1,411.48,205.74,384.96,315.38,0,,,,,,,,,
2015,3,6,65,38,0.35,0.58,0,3,0.58,1.73,0,0,0,0,28.25,96.1,411.48,205.74,383.23,315.38,0,,,,,,,,,
2015,3,7,66,38,0.35,0.58,0,2.8,0.58,1.63,0,0,0,0,29.88,96.1,411.48,205.74,381.6,315.38,0,,,,,,,,,
2015,3,8,67,38,0.34,0.59,0,2.98,0.59,1.75,0,0,0,0,31.63,96.1,411.48,205.74,379.85,315.38,0,,,,,,,,,
2015,3,9,68,38,0.33,0.59,0,3.06,0.59,1.81,0,0,0,0,33.44,96.1,411.48,205.74,378.04,315.38,0,,,,,,,,,
2015,3,10,69,38,0.32,0.6,0,2.4,0.6,1.44,0,0,0,0,34.88,96.1,411.48,205.74,376.6,315.38,0,,,,,,,,,
2015,3,11,70,38,0.32,0.6,0,2.11,0.6,1.27,1.32,1.32,0,0,34.83,96.1,411.48,205.74,376.65,315.38,0,,,,,,,,,
2015,3,12,71,38,1.08,0.61,0,3.47,1.08,3.75,3.55,3.55,0,0,35.04,96.1,411.48,205.74,376.44,315.38,0,,,,,,,,,
2015,3,13,72,38,1.06,0.61,0,3.11,1.06,3.29,0,0,0,0,38.32,96.1,411.48,205.74,373.16,315.38,0,,,,,,,,,
2015,3,14,73,38,0.86,0.62,0,3.29,0.86,2.84,0,0,0,0,41.16,96.1,411.48,205.74,370.32,315.38,0,,,,,,,,,
2015,3,15,74,38,0.73,0.63,0,3.85,0.73,2.81,0,0,0,0,43.98,96.1,411.48,205.74,367.5,315.38,0,,,,,,,,,
2015,3,16,75,38,0.68,0.63,0,2.46,0.68,1.66,0,0,0,0,45.64,96.1,411.48,205.74,365.84,315.38,0,,,,,,,,,
2015,3,17,76,38,0.61,0.64,0,3.49,0.64,2.22,0,0,0,0,47.86,96.1,411.48,205.74,363.62,315.38,0,,,,,,,,,
2015,3,18,77,38,0.56,0.64,0,3.89,0.64,2.5,0,0,0,0,50.35,96.1,411.48,205.74,361.13,315.38,0,,,,,,,,,
2015,3,19,78,38,0.52,0.65,0,3.94,0.65,2.55,0,0,0,0,52.9,96.1,411.48,205.74,358.58,315.38,0,,,,,,,,,
2015,3,20,79,38,0.49,0.65,0,3.11,0.65,2.03,0,0,0,0,54.93,96.1,411.48,205.74,356.55,315.38,0,,,,,,,,,
2015,3,21,80,38,0.46,0.66,0,3.63,0.66,2.39,0,0,0,0,57.32,96.1,411.48,205.74,354.16,315.38,0,,,,,,,,,
2015,3,22,81,38,0.44,0.66,0,3.27,0.66,2.17,0,0,0,0,59.48,96.1,411.48,205.74,352,315.38,0,,,,,,,,,
2015,3,23,82,38,0.42,0.67,0,3.28,0.67,2.19,0.25,0.25,0,0,61.42,96.1,411.48,205.74,350.06,315.38,0,,,,,,,,,
2015,3,24,83,38,0.41,0.67,0,3.19,0.67,2.15,0,0,0,0,63.57,96.1,411.48,205.74,347.91,315.38,0,,,,,,,,,
2015,3,25,84,38,0.39,0.68,0,4.23,0.68,2.87,0,0,0,0,66.45,96.1,411.48,205.74,345.03,315.38,0,,,,,,,,,
2015,3,26,85,38,0.37,0.68,0,3.92,0.68,2.68,0,0,0,0,69.13,96.1,411.48,205.74,342.35,315.38,0,,,,,,,,,
2015,3,27,86,38,0.36,0.69,0,4.55,0.69,3.14,0,0,0,0,72.27,96.1,411.48,205.74,339.21,315.38,0,,,,,,,,,
2015,3,28,87,38,0.34,0.7,0,4.99,0.7,3.47,0,0,0,0,75.74,96.1,411.48,205.74,335.74,315.38,0,,,,,,,,,
2015,3,29,88,38,0.33,0.7,0,4.76,0.7,3.33,0,0,0,0,79.07,96.1,411.48,205.74,332.41,315.38,0,,,,,,,,,
2015,3,30,89,38,0.32,0.71,0,4.57,0.71,3.23,0,0,0,0,82.3,96.1,411.48,205.74,329.18,315.38,0,,,,,,,,,
2015,3,31,90,38,0.31,0.71,0,4.61,0.71,3.28,0,0,0,0,85.58,96.1,411.48,205.74,325.9,315.38,0,,,,,,,,,
2015,4,1,91,38,0.3,0.72,0,4.22,0.72,3.02,0,0,0,0,88.6,96.1,411.48,205.74,322.88,315.38,0,,,,,,,,,
2015,4,2,92,38,0.29,0.72,0,5.59,0.72,4.04,0,0,0,0,92.64,96.1,411.48,205.74,318.84,315.38,0,,,,,,,,,
2015,4,3,93,38,0.28,0.73,0,4.63,0.73,3.37,0,0,0,0,96,96.1,411.48,205.74,315.48,315.38,0,,,,,,,,,
2015,4,4,94,38,0.28,0.73,0,4.53,0.73,3.32,0,0,0,0,0,96.1,411.48,205.74,411.48,315.38,99.32,,,,,,,,,
2015,4,5,95,38,0.27,0.74,0,2.58,0.74,1.9,0,0,0,0,1.9,96.1,411.48,205.74,409.58,315.38,0,,,,,,,,,
2015,4,6,96,38,0.27,0.74,0,2.98,0.74,2.22,1.42,1.42,0,0,2.7,96.1,411.48,205.74,408.78,315.38,0,,,,,,,,,
2015,4,7,97,38,1.12,0.75,0,2.41,1.12,2.71,6.49,5.41,0,0,0,96.1,411.48,205.74,411.48,315.38,0,,,,,,,,,
2015,4,8,98,38,1.1,0.75,0,2.91,1.1,3.21,13.25,3.21,0,0,0,96.1,411.48,205.74,411.48,315.38,0,,,,,,,,,
2015,4,9,99,38,1.07,0.76,0,3.48,1.07,3.74,0,0,0,0,3.74,96.1,411.48,205.74,407.74,315.38,0,,,,,,,,,
2015,4,10,100,38,0.83,0.77,0,4.13,0.83,3.44,0,0,0,0,7.18,96.1,411.48,205.74,404.3,315.38,0,,,,,,,,,
2015,4,11,101,38,0.7,0.77,0,4.29,0.77,3.31,0,0,0,0,10.49,96.1,411.48,205.74,400.99,315.38,0,,,,,,,,,
2015,4,12,102,38,0.6,0.78,0,4.97,0.78,3.86,0,0,0,0,14.34,96.1,411.48,205.74,397.14,315.38,0,,,,,,,,,
2015,4,13,103,38,0.53,0.78,0,5.12,0.78,4,0,0,0,0,18.34,96.1,411.48,205.74,393.14,315.38,0,,,,,,,,,
2015,4,14,104,38,0.49,0.79,0,4.85,0.79,3.81,0,0,0,0,22.16,96.1,411.48,205.74,389.32,315.38,0,,,,,,,,,
2015,4,15,105,38,0.44,0.79,0,6.7,0.79,5.31,0,0,0,0,27.46,96.1,411.48,205.74,384.02,315.38,0,,,,,,,,,
2015,4,16,106,38,0.4,0.8,0,6.12,0.8,4.88,0,0,0,0,32.34,96.1,411.48,205.74,379.14,315.38,0,,,,,,,,,
2015,4,17,107,38,0.38,0.8,0,5.33,0.8,4.28,0,0,0,0,36.62,96.1,411.48,205.74,374.86,315.38,0,,,,,,,,,
2015,4,18,108,38,0.36,0.81,0,5.03,0.81,4.06,0,0,0,0,40.68,96.1,411.48,205.74,370.8,315.38,0,,,,,,,,,
2015,4,19,109,38,0.34,0.81,0,5.36,0.81,4.36,0,0,0,0,45.04,96.1,411.48,205.74,366.44,315.38,0,,,,,,,,,
2015,4,20,110,38,0.33,0.82,0,4.9,0.82,4.01,0,0,0,0,49.06,96.1,411.48,205.74,362.42,315.38,0,,,,,,,,,
2015,4,21,111,38,0.32,0.82,0,3.95,0.82,3.26,0,0,0,0,52.31,96.1,411.48,205.74,359.17,315.38,0,,,,,,,,,
2015,4,22,112,38,0.31,0.83,0,4.22,0.83,3.5,0,0,0,0,55.81,96.1,411.48,205.74,355.67,315.38,0,,,,,,,,,
2015,4,23,113,38,0.3,0.83,0,4.83,0.83,4.03,0,0,0,0,59.85,96.1,411.48,205.74,351.63,315.38,0,,,,,,,,,
2015,4,24,114,38,0.29,0.84,0,4.92,0.84,4.13,0,0,0,0,63.98,96.1,411.48,205.74,347.5,315.38,0,,,,,,,,,
2015,4,25,115,38,1.06,0.85,0,4.12,1.06,4.35,14.13,14.13,0,0,54.2,96.1,411.48,205.74,357.28,315.38,0,,,,,,,,,
2015,4,26,116,38,0.87,0.85,0,5.12,0.87,4.46,0,0,0,0,58.65,96.1,411.48,205.74,352.83,315.38,0,,,,,,,,,
2015,4,27,117,38,0.67,0.86,0,6.14,0.86,5.26,0,0,0,0,63.91,96.1,411.48,205.74,347.57,315.38,0,,,,,,,,,
2015,4,28,118,38,0.57,0.86,0,5.67,0.86,4.89,0,0,0,0,68.8,96.1,411.48,205.74,342.68,315.38,0,,,,,,,,,
2015,4,29,119,38,0.51,0.87,0,5.35,0.87,4.64,0,0,0,0,73.44,96.1,411.48,205.74,338.04,315.38,0,,,,,,,,,
2015,4,30,120,38,0.45,0.87,0,6.54,0.87,5.71,0,0,0,0,79.14,96.1,411.48,205.74,332.34,315.38,0,,,,,,,,,
2015,5,1,121,38,0.41,0.88,0,6.55,0.88,5.75,0,0,0,0,84.9,96.1,411.48,205.74,326.58,315.38,0,,,,,,,,,
2015,5,2,122,38,0.38,0.88,0,6.19,0.88,5.47,0,0,0,0,90.36,96.1,411.48,205.74,321.12,315.38,0,,,,,,,,,
2015,5,3,123,38,0.36,0.89,0,5.44,0.89,4.83,0,0,0,0,95.2,96.1,411.48,205.74,316.28,315.38,0,,,,,,,,,
2015,5,4,124,38,0.35,0.89,0,4.95,0.89,4.43,0,0,0,0,0,96.1,411.48,205.74,411.48,315.38,99.62,,,,,,,,,
2015,5,5,125,38,0.33,0.9,0,4.89,0.9,4.4,0,0,0,0,4.4,96.1,411.48,205.74,407.08,315.38,0,,,,,,,,,
2015,5,6,126,38,0.32,0.9,0,5.24,0.9,4.74,0,0,0,0,9.14,96.1,411.48,205.74,402.34,315.38,0,,,,,,,,,
2015,5,7,127,38,0.31,0.91,0,4.2,0.91,3.82,0.45,0.45,0,0,12.51,96.1,411.48,205.74,398.97,315.38,0,,,,,,,,,
2015,5,8,128,38,0.3,0.92,0,4.53,0.92,4.15,0.55,0.55,0,0,16.11,96.1,411.48,205.74,395.37,315.38,0,,,,,,,,,
2015,5,9,129,38,0.29,0.92,0,5.14,0.92,4.73,0,0,0,0,20.84,96.1,411.48,205.74,390.64,315.38,0,,,,,,,,,
2015,5,10,130,38,0.28,0.93,0,5.31,0.93,4.92,0,0,0,0,25.76,96.1,411.48,205.74,385.72,315.38,0,,,,,,,,,
2015,5,11,131,38,0.27,0.93,0,5.28,0.93,4.92,0,0,0,0,30.68,96.1,411.48,205.74,380.8,315.38,0,,,,,,,,,
2015,5,12,132,38,0.27,0.94,0,5.03,0.94,4.71,0,0,0,0,35.4,96.1,411.48,205.74,376.08,315.38,0,,,,,,,,,
2015,5,13,133,38,0.26,0.94,0,4.79,0.94,4.51,0,0,0,0,39.91,96.1,411.48,205.74,371.57,315.38,0,,,,,,,,,
2015,5,14,134,38,0.26,0.95,0,3.95,0.95,3.74,0,0,0,0,43.65,96.1,411.48,205.74,367.83,315.38,0,,,,,,,,,
2015,5,15,135,38,0.25,0.95,0,4.75,0.95,4.53,0.02,0.02,0,0,48.16,96.1,411.48,205.74,363.32,315.38,0,,,,,,,,,
2015,5,16,136,38,0.24,0.96,0,4.87,0.96,4.67,0,0,0,0,52.83,96.1,411.48,205.74,358.65,315.38,0,,,,,,,,,
2015,5,17,137,38,0.24,0.96,0,4,0.96,3.86,0,0,0,0,56.69,96.1,411.48,205.74,354.79,315.38,0,,,,,,,,,
2015,5,18,138,38,0.24,0.97,0,4.7,0.97,4.56,0,0,0,0,61.24,96.1,411.48,205.74,350.24,315.38,0,,,,,,,,,
2015,5,19,139,38,0.23,0.97,0,5.07,0.97,4.94,0,0,0,0,66.18,96.1,411.48,205.74,345.3,315.38,0,,,,,,,,,
2015,5,20,140,38,0.23,0.98,0,5.05,0.98,4.95,0,0,0,0,71.13,96.1,411.48,205.74,340.35,315.38,0,,,,,,,,,
2015,5,21,141,38,0.22,0.99,0,4.58,0.99,4.51,0,0,0,0,75.65,96.1,411.48,205.74,335.83,315.38,0,,,,,,,,,
2015,5,22,142,38,0.22,0.99,0,4.94,0.99,4.89,0,0,0,0,80.54,96.1,411.48,205.74,330.94,315.38,0,,,,,,,,,
2015,5,23,143,38,0.22,1,0,4.77,1,4.75,0,0,0,0,85.29,96.1,411.48,205.74,326.19,315.38,0,,,,,,,,,
2015,5,24,144,38,0.21,1,0,5.77,1,5.78,0,0,0,0,91.07,96.1,411.48,205.74,320.41,315.38,0,,,,,,,,,
2015,5,25,145,38,0.21,1.01,0,5.58,1.01,5.62,0,0,0,0,0,96.1,411.48,205.74,411.48,315.38,96.69,,,,,,,,,
2015,5,26,146,38,0.2,1.01,0,5.63,1.01,5.7,0,0,0,0,5.7,96.1,411.48,205.74,405.78,315.38,0,,,,,,,,,
2015,5,27,147,38,0.2,1.02,0,5.67,1.02,5.77,0,0,0,0,11.47,96.1,411.48,205.74,400.01,315.38,0,,,,,,,,,
2015,5,28,148,38,0.2,1.02,0,5.48,1.02,5.61,0,0,0,0,17.08,96.1,411.48,205.74,394.4,315.38,0,,,,,,,,,
2015,5,29,149,38,0.19,1.03,0,6.16,1.03,6.34,0,0,0,0,23.41,96.1,411.48,205.74,388.07,315.38,0,,,,,,,,,
2015,5,30,150,38,0.19,1.03,0,6.49,1.03,6.71,0,0,0,0,30.12,96.1,411.48,205.74,381.36,315.38,0,,,,,,,,,
2015,5,31,151,38,0.19,1.04,0,5.57,1.04,5.79,0,0,0,0,35.91,96.1,411.48,205.74,375.57,315.38,0,,,,,,,,,
2015,6,1,152,38,0.19,1.04,0,5.56,1.04,5.81,0,0,0,0,41.72,96.1,411.48,205.74,369.76,315.38,0,,,,,,,,,
2015,6,2,153,38,0.18,1.05,0,5.75,1.05,6.04,0,0,0,0,47.76,96.1,411.48,205.74,363.72,315.38,0,,,,,,,,,
2015,6,3,154,38,0.18,1.05,0,5.65,1.05,5.93,0,0,0,0,53.69,96.1,411.48,205.74,357.79,315.38,0,,,,,,,,,
2015,6,4,155,38,0.18,1.05,0,5.94,1.05,6.24,0,0,0,0,59.93,96.1,411.48,205.74,351.55,315.38,0,,,,,,,,,
2015,6,5,156,38,0.17,1.05,0,6.93,1.05,7.28,0,0,0,0,67.2,96.1,411.48,205.74,344.28,315.38,0,,,,,,,,,
2015,6,6,157,38,0.17,1.05,0,6.53,1.05,6.86,0.01,0.01,0,0,74.05,96.1,411.48,205.74,337.43,315.38,0,,,,,,,,,
2015,6,7,158,38,0.17,1.05,0,7.06,1.05,7.41,0,0,0,0,81.46,96.1,411.48,205.74,330.02,315.38,0,,,,,,,,,
2015,6,8,159,38,0.17,1.05,0,7.42,1.05,7.79,0,0,0,0,89.25,96.1,411.48,205.74,322.23,315.38,0,,,,,,,,,
2015,6,9,160,38,0.16,1.05,0,7.22,1.05,7.58,0,0,0,0,0,96.1,411.48,205.74,411.48,315.38,96.83,,,,,,,,,
2015,6,10,161,38,0.16,1.05,0,2.57,1.05,2.7,0.07,0.07,0,0,2.63,96.1,411.48,205.74,408.85,315.38,0,,,,,,,,,
2015,6,11,162,38,0.16,1.05,0,7.16,1.05,7.52,1.22,1.22,0,0,8.93,96.1,411.48,205.74,402.55,315.38,0,,,,,,,,,
2015,6,12,163,38,0.16,1.05,0,8.08,1.05,8.48,0,0,0,0,17.41,96.1,411.48,205.74,394.07,315.38,0,,,,,,,,,
2015,6,13,164,38,0.16,1.05,0,7.66,1.05,8.04,0,0,0,0,25.45,96.1,411.48,205.74,386.03,315.38,0,,,,,,,,,
2015,6,14,165,38,0.15,1.05,0,6.92,1.05,7.27,0,0,0,0,32.72,96.1,411.48,205.74,378.76,315.38,0,,,,,,,,,
2015,6,15,166,38,0.15,1.05,0,6.72,1.05,7.06,0,0,0,0,39.78,96.1,411.48,205.74,371.7,315.38,0,,,,,,,,,
2015,6,16,167,38,0.15,1.05,0,7.03,1.05,7.38,0,0,0,0,47.16,96.1,411.48,205.74,364.32,315.38,0,,,,,,,,,
2015,6,17,168,38,0.15,1.05,0,6.97,1.05,7.32,0,0,0,0,54.48,96.1,411.48,205.74,357,315.38,0,,,,,,,,,
2015,6,18,169,38,0.15,1.05,0,7.75,1.05,8.14,0,0,0,0,62.61,96.1,411.48,205.74,348.87,315.38,0,,,,,,,,,
2015,6,19,170,38,0.14,1.05,0,7.43,1.05,7.8,0,0,0,0,70.41,96.1,411.48,205.74,341.07,315.38,0,,,,,,,,,
2015,6,20,171,38,0.14,1.05,0,7.17,1.05,7.53,0,0,0,0,77.94,96.1,411.48,205.74,333.54,315.38,0,,,,,,,,,
2015,6,21,172,38,0.14,1.05,0,7.78,1.05,8.17,0,0,0,0,86.11,96.1,411.48,205.74,325.37,315.38,0,,,,,,,,,
2015,6,22,173,38,0.14,1.05,0,6.99,1.05,7.34,0,0,0,0,93.45,96.1,411.48,205.74,318.03,315.38,0,,,,,,,,,
2015,6,23,174,38,0.14,1.05,0,7.45,1.05,7.82,0,0,0,0,0,96.1,411.48,205.74,411.48,315.38,101.27,,,,,,,,,
2015,6,24,175,38,0.14,1.05,0,7.51,1.05,7.89,0,0,0,0,7.89,96.1,411.48,205.74,403.59,315.38,0,,,,,,,,,
2015,6,25,176,38,0.14,1.05,0,7.98,1.05,8.38,0,0,0,0,16.26,96.1,411.48,205.74,395.22,315.38,0,,,,,,,,,
2015,6,26,177,38,0.13,1.05,0,8.46,1.05,8.88,0,0,0,0,25.15,96.1,411.48,205.74,386.33,315.38,0,,,,,,,,,
2015,6,27,178,38,0.13,1.05,0,7.16,1.05,7.52,0,0,0,0,32.67,96.1,411.48,205.74,378.81,315.38,0,,,,,,,,,
2015,6,28,179,38,0.13,1.05,0,7.43,1.05,7.8,0,0,0,0,40.47,96.1,411.48,205.74,371.01,315.38,0,,,,,,,,,
2015,6,29,180,38,0.13,1.05,0,7.6,1.05,7.98,0,0,0,0,48.45,96.1,411.48,205.74,363.03,315.38,0,,,,,,,,,
2015,6,30,181,38,0.13,1.05,0,7.68,1.05,8.06,0,0,0,0,56.51,96.1,411.48,205.74,354.97,315.38,0,,,,,,,,,
2015,7,1,182,38,0.13,1.05,0,7.42,1.05,7.79,0,0,0,0,64.3,96.1,411.48,205.74,347.18,315.38,0,,,,,,,,,
2015,7,2,183,38,0.13,1.05,0,7.56,1.05,7.94,0,0,0,0,72.24,96.1,411.48,205.74,339.24,315.38,0,,,,,,,,,
2015,7,3,184,38,0.12,1.05,0,7.43,1.05,7.8,0,0,0,0,80.04,96.1,411.48,205.74,331.44,315.38,0,,,,,,,,,
2015,7,4,185,38,0.12,1.05,0,8.14,1.05,8.55,0,0,0,0,88.59,96.1,411.48,205.74,322.89,315.38,0,,,,,,,,,
2015,7,5,186,38,0.12,1.05,0,7.47,1.05,7.84,0,0,0,0,0,96.1,411.48,205.74,411.48,315.38,96.43,,,,,,,,,
2015,7,6,187,38,0.12,1.05,0,7.45,1.05,7.82,0,0,0,0,7.82,96.1,411.48,205.74,403.66,315.38,0,,,,,,,,,
2015,7,7,188,38,0.12,1.05,0,7.05,1.05,7.4,0,0,0,0,15.23,96.1,411.48,205.74,396.26,315.38,0,,,,,,,,,
2015,7,8,189,38,0.12,1.05,0,6.42,1.05,6.74,0,0,0,0,21.97,96.1,411.48,205.74,389.51,315.38,0,,,,,,,,,
2015,7,9,190,38,0.12,1.05,0,4.51,1.05,4.74,0,0,0,0,26.7,96.1,411.48,205.74,384.78,315.38,0,,,,,,,,,
2015,7,10,191,38,0.12,1.05,0,5.24,1.05,5.5,0,0,0,0,32.2,96.1,411.48,205.74,379.28,315.38,0,,,,,,,,,
2015,7,11,192,38,0.12,1.05,0,6.46,1.05,6.78,0,0,0,0,38.99,96.1,411.48,205.74,372.49,315.38,0,,,,,,,,,
2015,7,12,193,38,0.12,1.05,0,6.6,1.05,6.93,0,0,0,0,45.92,96.1,411.48,205.74,365.56,315.38,0,,,,,,,,,
2015,7,13,194,38,0.12,1.05,0,6.72,1.05,7.06,0,0,0,0,52.97,96.1,411.48,205.74,358.51,315.38,0,,,,,,,,,
2015,7,14,195,38,0.11,1.05,0,6.66,1.05,6.99,0,0,0,0,59.97,96.1,411.48,205.74,351.51,315.38,0,,,,,,,,,
2015,7,15,196,38,0.11,1.05,0,6.77,1.05,7.11,0,0,0,0,67.07,96.1,411.48,205.74,344.41,315.38,0,,,,,,,,,
2015,7,16,197,38,0.11,1.05,0,7.29,1.05,7.65,0,0,0,0,74.73,96.1,411.48,205.74,336.75,315.38,0,,,,,,,,,
2015,7,17,198,38,0.11,1.05,0,7.45,1.05,7.82,0,0,0,0,82.55,96.1,411.48,205.74,328.93,315.38,0,,,,,,,,,
2015,7,18,199,38,0.11,1.05,0,7.52,1.05,7.9,0,0,0,0,90.45,96.1,411.48,205.74,321.03,315.38,0,,,,,,,,,
2015,7,19,200,38,0.11,1.05,0,6.89,1.05,7.23,0,0,0,0,0,96.1,411.48,205.74,411.48,315.38,97.68,,,,,,,,,
2015,7,20,201,38,0.11,1.05,0,7.43,1.05,7.8,0,0,0,0,7.8,96.1,411.48,205.74,403.68,315.38,0,,,,,,,,,
2015,7,21,202,38,0.11,1.05,0,7.44,1.05,7.81,0,0,0,0,15.61,96.1,411.48,205.74,395.87,315.38,0,,,,,,,,,
2015,7,22,203,38,0.11,1.05,0,7.1,1.05,7.46,0,0,0,0,23.07,96.1,411.48,205.74,388.41,315.38,0,,,,,,,,,
2015,7,23,204,38,0.11,1.05,0,6.23,1.05,6.54,0,0,0,0,29.61,96.1,411.48,205.74,381.87,315.38,0,,,,,,,,,
2015,7,24,205,38,0.11,1.05,0,6.45,1.05,6.77,0,0,0,0,36.38,96.1,411.48,205.74,375.1,315.38,0,,,,,,,,,
2015,7,25,206,38,0.11,1.05,0,6.6,1.05,6.93,0,0,0,0,43.31,96.1,411.48,205.74,368.17,315.38,0,,,,,,,,,
2015,7,26,207,38,0.11,1.05,0,6.59,1.05,6.92,0,0,0,0,50.23,96.1,411.48,205.74,361.25,315.38,0,,,,,,,,,
2015,7,27,208,38,0.11,1.05,0,7.51,1.05,7.89,0,0,0,0,58.12,96.1,411.48,205.74,353.36,315.38,0,,,,,,,,,
2015,7,28,209,38,0.1,1.05,0,7.9,1.05,8.3,0,0,0,0,66.41,96.1,411.48,205.74,345.07,315.38,0,,,,,,,,,
2015,7,29,210,38,0.1,1.05,0,7.55,1.05,7.93,0,0,0,0,74.34,96.1,411.48,205.74,337.14,315.38,0,,,,,,,,,
2015,7,30,211,38,0.1,1.05,0,8,1.05,8.4,0,0,0,0,82.74,96.1,411.48,205.74,328.74,315.38,0,,,,,,,,,
2015,7,31,212,38,0.1,1.05,0,6.92,1.05,7.27,0,0,0,0,90.01,96.1,411.48,205.74,321.47,315.38,0,,,,,,,,,
2015,8,1,213,38,0.1,1.05,0,7.08,1.05,7.43,0,0,0,0,0,96.1,411.48,205.74,411.48,315.38,97.44,,,,,,,,,
2015,8,2,214,38,0.1,1.05,0,6.92,1.05,7.27,0,0,0,0,7.27,96.1,411.48,205.74,404.21,315.38,0,,,,,,,,,
2015,8,3,215,38,0.1,1.05,0,7,1.05,7.35,0,0,0,0,14.62,96.1,411.48,205.74,396.86,315.38,0,,,,,,,,,
2015,8,4,216,38,0.1,1.05,0,4.85,1.05,5.09,0,0,0,0,19.71,96.1,411.48,205.74,391.77,315.38,0,,,,,,,,,
2015,8,5,217,38,0.1,1.05,0,5.83,1.05,6.12,0,0,0,0,25.83,96.1,411.48,205.74,385.65,315.38,0,,,,,,,,,
2015,8,6,218,38,0.1,1.05,0,4.52,1.05,4.75,0,0,0,0,30.58,96.1,411.48,205.74,380.9,315.38,0,,,,,,,,,
2015,8,7,219,38,0.1,1.05,0,6.88,1.05,7.22,0,0,0,0,37.8,96.1,411.48,205.74,373.68,315.38,0,,,,,,,,,
2015,8,8,220,38,0.1,1.05,0,6.22,1.05,6.53,0,0,0,0,44.33,96.1,411.48,205.74,367.15,315.38,0,,,,,,,,,
2015,8,9,221,38,0.1,1.05,0,6.69,1.05,7.02,0,0,0,0,51.36,96.1,411.48,205.74,360.12,315.38,0,,,,,,,,,
2015,8,10,222,38,0.1,1.05,0,6.74,1.05,7.08,0,0,0,0,58.43,96.1,411.48,205.74,353.05,315.38,0,,,,,,,,,
2015,8,11,223,38,0.1,1.05,0,6.58,1.05,6.91,0,0,0,0,65.34,96.1,411.48,205.74,346.14,315.38,0,,,,,,,,,
2015,8,12,224,38,0.1,1.05,0,6.46,1.05,6.78,0,0,0,0,72.12,96.1,411.48,205.74,339.36,315.38,0,,,,,,,,,
2015,8,13,225,38,0.1,1.05,0,6.63,1.05,6.96,0,0,0,0,79.09,96.1,411.48,205.74,332.39,315.38,0,,,,,,,,,
2015,8,14,226,38,0.1,1.05,0,6.2,1.05,6.51,0,0,0,0,85.6,96.1,411.48,205.74,325.88,315.38,0,,,,,,,,,
2015,8,15,227,38,0.1,1.05,0,6.51,1.05,6.84,0,0,0,0,92.43,96.1,411.48,205.74,319.05,315.38,0,,,,,,,,,
2015,8,16,228,38,0.1,1.05,0,6.78,1.05,7.12,0,0,0,0,0,96.1,411.48,205.74,411.48,315.38,99.55,,,,,,,,,
2015,8,17,229,38,0.09,1.05,0,7.25,1.05,7.61,0,0,0,0,7.61,96.1,411.48,205.74,403.87,315.38,0,,,,,,,,,
2015,8,18,230,38,0.09,1.05,0,7.05,1.05,7.4,0,0,0,0,15.02,96.1,411.48,205.74,396.47,315.38,0,,,,,,,,,
2015,8,19,231,38,0.09,1.05,0,6.44,1.05,6.76,0,0,0,0,21.78,96.1,411.48,205.74,389.7,315.38,0,,,,,,,,,
2015,8,20,232,38,0.09,1.05,0,5.71,1.05,6,0,0,0,0,27.77,96.1,411.48,205.74,383.71,315.38,0,,,,,,,,,
2015,8,21,233,38,0.09,1.05,0,5.79,1.05,6.08,0,0,0,0,33.85,96.1,411.48,205.74,377.63,315.38,0,,,,,,,,,
2015,8,22,234,38,0.09,1.05,0,5.86,1.05,6.15,0,0,0,0,40.01,96.1,411.48,205.74,371.48,315.38,0,,,,,,,,,
2015,8,23,235,38,0.09,1.05,0,5.93,1.05,6.23,0,0,0,0,46.23,96.1,411.48,205.74,365.25,315.38,0,,,,,,,,,
2015,8,24,236,38,0.09,1.05,0,6.4,1.05,6.72,0,0,0,0,52.95,96.1,411.48,205.74,358.53,315.38,0,,,,,,,,,
2015,8,25,237,38,0.09,1.05,0,6.7,1.05,7.04,0,0,0,0,59.99,96.1,411.48,205.74,351.49,315.38,0,,,,,,,,,
2015,8,26,238,38,0.09,1.05,0,6.8,1.05,7.14,0,0,0,0,67.13,96.1,411.48,205.74,344.35,315.38,0,,,,,,,,,
2015,8,27,239,38,0.09,1.05,0,6.81,1.05,7.15,0,0,0,0,74.28,96.1,411.48,205.74,337.2,315.38,0,,,,,,,,,
2015,8,28,240,38,0.09,1.05,0,6.87,1.05,7.21,0,0,0,0,81.49,96.1,411.48,205.74,329.99,315.38,0,,,,,,,,,
2015,8,29,241,38,0.09,1.05,0,5.44,1.05,5.71,0,0,0,0,87.2,96.1,411.48,205.74,324.28,315.38,0,,,,,,,,,
2015,8,30,242,38,0.09,1.05,0,5.56,1.05,5.84,0,0,0,0,93.04,96.1,411.48,205.74,318.44,315.38,0,,,,,,,,,
2015,8,31,243,38,0.09,1.05,0,5.76,1.05,6.05,0,0,0,0,0,96.1,411.48,205.74,411.48,315.38,99.09,,,,,,,,,
2015,9,1,244,38,0.09,1.05,0,5.9,1.05,6.2,0,0,0,0,6.2,96.1,411.48,205.74,405.29,315.38,0,,,,,,,,,
2015,9,2,245,38,0.09,1.05,0,5.77,1.05,6.06,0,0,0,0,12.25,96.1,411.48,205.74,399.23,315.38,0,,,,,,,,,
2015,9,3,246,38,0.09,1.05,0,5.25,1.05,5.51,0,0,0,0,17.77,96.1,411.48,205.74,393.71,315.38,0,,,,,,,,,
2015,9,4,247,38,0.09,1.05,0,5.36,1.05,5.63,0,0,0,0,23.39,96.1,411.48,205.74,388.09,315.38,0,,,,,,,,,
2015,9,5,248,38,0.09,1.05,0,5.84,1.05,6.13,0,0,0,0,29.53,96.1,411.48,205.74,381.95,315.38,0,,,,,,,,,
2015,9,6,249,38,0.09,1.05,0,5.27,1.05,5.53,0,0,0,0,35.06,96.1,411.48,205.74,376.42,315.38,0,,,,,,,,,
2015,9,7,250,38,0.09,1.05,0,5.59,1.05,5.87,0,0,0,0,40.93,96.1,411.48,205.74,370.55,315.38,0,,,,,,,,,
2015,9,8,251,38,0.09,1.05,0,5.46,1.05,5.73,0,0,0,0,46.66,96.1,411.48,205.74,364.82,315.38,0,,,,,,,,,
2015,9,9,252,38,0.09,1.05,0,6.23,1.05,6.54,0,0,0,0,53.2,96.1,411.48,205.74,358.28,315.38,0,,,,,,,,,
2015,9,10,253,38,0.09,1.05,0,6.64,1.05,6.97,0,0,0,0,60.18,96.1,411.48,205.74,351.3,315.38,0,,,,,,,,,
2015,9,11,254,38,0.09,1.05,0,6.34,1.05,6.66,0,0,0,0,66.83,96.1,411.48,205.74,344.65,315.38,0,,,,,,,,,
2015,9,12,255,38,0.09,1.05,0,4.82,1.05,5.06,0,0,0,0,71.89,96.1,411.48,205.74,339.59,315.38,0,,,,,,,,,
2015,9,13,256,38,0.09,1.05,0,5.41,1.05,5.68,0,0,0,0,77.57,96.1,411.48,205.74,333.91,315.38,0,,,,,,,,,
2015,9,14,257,38,0.09,1.05,0,4.19,1.05,4.4,0,0,0,0,81.97,96.1,411.48,205.74,329.51,315.38,0,,,,,,,,,
2015,9,15,258,38,0.09,1.05,0,4.58,1.05,4.81,0,0,0,0,86.78,96.1,411.48,205.74,324.7,315.38,0,,,,,,,,,
2015,9,16,259,38,0.09,1.05,0,3.32,1.05,3.49,0,0,0,0,90.27,96.1,411.48,205.74,321.21,315.38,0,,,,,,,,,
2015,9,17,260,38,0.09,1.05,0,3.93,1.05,4.13,0.23,0.23,0,0,94.17,96.1,411.48,205.74,317.32,315.38,0,,,,,,,,,
2015,9,18,261,38,0.08,1.05,0,4.53,1.05,4.76,0,0,0,0,0,96.1,411.48,205.74,411.48,315.38,98.92,,,,,,,,,
2015,9,19,262,38,0.08,1.05,0,4.78,1.05,5.02,0,0,0,0,5.02,96.1,411.48,205.74,406.46,315.38,0,,,,,,,,,
2015,9,20,263,38,0.08,1.05,0,4.79,1.05,5.03,0,0,0,0,10.05,96.1,411.48,205.74,401.43,315.38,0,,,,,,,,,
2015,9,21,264,38,0.08,1.05,0,5.6,1.05,5.88,0,0,0,0,15.93,96.1,411.48,205.74,395.55,315.38,0,,,,,,,,,
2015,9,22,265,38,0.08,1.05,0,5.83,1.05,6.12,0,0,0,0,22.05,96.1,411.48,205.74,389.43,315.38,0,,,,,,,,,
2015,9,23,266,38,0.08,1.05,0,4.62,1.05,4.85,0,0,0,0,26.9,96.1,411.48,205.74,384.58,315.38,0,,,,,,,,,
2015,9,24,267,38,0.08,1.05,0,4.63,1.05,4.86,0,0,0,0,31.76,96.1,411.48,205.74,379.72,315.38,0,,,,,,,,,
2015,9,25,268,38,0.08,1.05,0,5.62,1.05,5.9,0,0,0,0,37.66,96.1,411.48,205.74,373.82,315.38,0,,,,,,,,,
2015,9,26,269,38,0.08,1.05,0,5.39,1.05,5.66,0,0,0,0,43.32,96.1,411.48,205.74,368.16,315.38,0,,,,,,,,,
2015,9,27,270,38,0.08,1.05,0,4.08,1.05,4.28,0,0,0,0,47.61,96.1,411.48,205.74,363.87,315.38,0,,,,,,,,,
2015,9,28,271,38,0.08,1.05,0,4.73,1.05,4.97,0,0,0,0,52.57,96.1,411.48,205.74,358.91,315.38,0,,,,,,,,,
2015,9,29,272,38,0.08,1.05,0,4.31,1.05,4.53,0,0,0,0,57.1,96.1,411.48,205.74,354.38,315.38,0,,,,,,,,,
2015,9,30,273,38,0.08,1.05,0,2.04,1.05,2.14,0,0,0,0,59.24,96.1,411.48,205.74,352.24,315.38,0,,,,,,,,,