 Daily soil water balance output for Safflower in 186_Yolo DAU_Co within 05_Sacramento River for WY 2015,,,,,,,,,,,,,,,,,,,,,,,Annual and in-season monthly output for Safflower in 186_Yolo DAU_Co within 05_Sacramento River for WY 2015,,,,,,,
Year,Mon,Day,DOY, Area,OKc,IKc,CCKc,ETo,Kc,ETc,Pcp,Er,Spg,Espg,SWD,SWDx,FC,PWP,SWC, YT ,NA,,Year,Mon, Area,ETo,ETc,ETc,ETc,ETc
 #  , # , # ,  #,Acres,   ,   ,    , mm,mm, mm, mm,mm, mm, mm , mm, mm ,mm, mm, mm, mm, mm,,#  , # , Acres, mm, mm,acre-ft, mm,acre-ft
2014,10,1,274,2072,0.56,0,0,6.18,0.56,3.48,0,0,0,0,24.99,24.75,514.57,257.29,489.58,489.82,0,,2014,10,2072,103.42,36.03,244.93,0,0.00
2014,10,2,275,2072,0.52,0,0,4.2,0.52,2.17,0,0,0,0,24.75,24.75,514.57,257.29,489.82,489.82,0,,2014,11,2072,43.39,42.98,292.17,0,0.00
2014,10,3,276,2072,0.48,0,0,4.14,0.48,1.99,0,0,0,0,26.74,24.75,514.57,257.29,487.83,489.82,0,,2014,12,2072,32.08,34.90,237.25,0,0.00
2014,10,4,277,2072,0.45,0,0,4.18,0.45,1.89,0,0,0,0,24.75,24.75,514.57,257.29,489.82,489.82,0,,2015,1,2072,33.25,17.16,116.65,0,0.00
2014,10,5,278,2072,0.43,0,0,4.06,0.43,1.73,0,0,0,0,26.48,24.75,514.57,257.29,488.09,489.82,0,,2015,2,2072,56.91,36.39,247.38,0,0.00
2014,10,6,279,2072,0.41,0,0,4.12,0.41,1.67,0,0,0,0,24.75,24.75,514.57,257.29,489.82,489.82,0,,2015,3,2072,104.95,49.39,335.75,0,0.00
2014,10,7,280,2072,0.39,0,0,4.25,0.39,1.65,0,0,0,0,26.4,24.75,514.57,257.29,488.18,489.82,0,,2015,4,2072,140.99,71.20,484.01,0,0.00
2014,10,8,281,2072,0.37,0,0,4.81,0.37,1.77,0,0,0,0,24.75,24.75,514.57,257.29,489.82,489.82,0,,2015,5,2072,160.57,48.42,329.15,48.44,329.29
2014,10,9,282,2072,0.35,0,0,4.33,0.35,1.54,0,0,0,0,26.29,24.75,514.57,257.29,488.29,489.82,0,,2015,6,2072,209.56,171.20,1163.80,171.2,1163.80
2014,10,10,283,2072,0.34,0,0,3.77,0.34,1.29,0,0,0,0,24.75,24.75,514.57,257.29,489.82,489.82,0,,2015,7,2072,216.77,227.61,1547.27,227.61,1547.27
2014,10,11,284,2072,0.33,0,0,3.53,0.33,1.18,0,0,0,0,25.93,24.75,514.57,257.29,488.64,489.82,0,,2015,8,2072,196.26,143.24,973.73,143.24,973.73
2014,10,12,285,2072,0.32,0,0,6.72,0.32,2.13,0,0,0,0,24.75,24.75,514.57,257.29,489.82,489.82,0,,2015,9,2072,150.85,12.92,87.83,0,0.00
2014,10,13,286,2072,0.31,0,0,4.16,0.31,1.28,0,0,0,0,26.03,24.75,514.57,257.29,488.54,489.82,0,,,,,,,,,
2014,10,14,287,2072,0.3,0,0,3.14,0.3,0.95,0,0,0,0,24.75,24.75,514.57,257.29,489.82,489.82,0,,,,,,,,,
2014,10,15,288,2072,0.3,0,0,2.28,0.3,0.68,1.75,1.75,0,0,23.68,24.75,514.57,257.29,490.89,489.82,0,,,,,,,,,
2014,10,16,289,2072,0.29,0,0,2.67,0.29,0.78,0.08,0.08,0,0,24.38,24.75,514.57,257.29,490.19,489.82,0,,,,,,,,,
2014,10,17,290,2072,0.29,0,0,2.51,0.29,0.73,0,0,0,0,25.11,24.75,514.57,257.29,489.46,489.82,0,,,,,,,,,
2014,10,18,291,2072,0.29,0,0,2.9,0.29,0.83,0,0,0,0,24.75,24.75,514.57,257.29,489.82,489.82,0,,,,,,,,,
2014,10,19,292,2072,0.28,0,0,3.02,0.28,0.85,0,0,0,0,25.6,24.75,514.57,257.29,488.97,489.82,0,,,,,,,,,
2014,10,20,293,2072,0.28,0,0,2.28,0.28,0.63,0,0,0,0,24.75,24.75,514.57,257.29,489.82,489.82,0,,,,,,,,,
2014,10,21,294,2072,0.27,0,0,2.62,0.27,0.72,0,0,0,0,25.47,24.75,514.57,257.29,489.1,489.82,0,,,,,,,,,
2014,10,22,295,2072,0.27,0,0,2.57,0.27,0.7,0,0,0,0,24.75,24.75,514.57,257.29,489.82,489.82,0,,,,,,,,,
2014,10,23,296,2072,0.27,0,0,2.45,0.27,0.66,0,0,0,0,25.41,24.75,514.57,257.29,489.17,489.82,0,,,,,,,,,
2014,10,24,297,2072,0.26,0,0,2.62,0.26,0.69,0,0,0,0,24.75,24.75,514.57,257.29,489.82,489.82,0,,,,,,,,,
2014,10,25,298,2072,0.26,0,0,2.31,0.26,0.6,0,0,0,0,25.35,24.75,514.57,257.29,489.22,489.82,0,,,,,,,,,
2014,10,26,299,2072,0.26,0,0,2.62,0.26,0.68,2.42,2.42,0,0,22.93,24.75,514.57,257.29,491.64,489.82,0,,,,,,,,,
2014,10,27,300,2072,0.26,0,0,2.46,0.26,0.63,0,0,0,0,23.56,24.75,514.57,257.29,491.01,489.82,0,,,,,,,,,
2014,10,28,301,2072,0.25,0,0,2.35,0.25,0.6,0,0,0,0,24.16,24.75,514.57,257.29,490.41,489.82,0,,,,,,,,,
2014,10,29,302,2072,0.25,0,0,2.4,0.25,0.6,0,0,0,0,24.76,24.75,514.57,257.29,489.81,489.82,0,,,,,,,,,
2014,10,30,303,2072,0.25,0,0,2.55,0.25,0.63,0,0,0,0,24.75,24.75,514.57,257.29,489.82,489.82,0,,,,,,,,,
2014,10,31,304,2072,0.25,0,0,1.22,0.25,0.3,0,0,0,0,25.05,24.75,514.57,257.29,489.52,489.82,0,,,,,,,,,
2014,11,1,305,2072,1.15,0,0,1.85,1.15,2.12,9.51,9.51,0,0,15.54,24.75,514.57,257.29,499.03,489.82,0,,,,,,,,,
2014,11,2,306,2072,1.14,0,0,2.22,1.14,2.53,0,0,0,0,18.07,24.75,514.57,257.29,496.5,489.82,0,,,,,,,,,
2014,11,3,307,2072,1.14,0,0,1.82,1.14,2.08,0,0,0,0,20.15,24.75,514.57,257.29,494.43,489.82,0,,,,,,,,,
2014,11,4,308,2072,1.01,0,0,1.76,1.01,1.77,0,0,0,0,21.92,24.75,514.57,257.29,492.66,489.82,0,,,,,,,,,
2014,11,5,309,2072,0.91,0,0,1.77,0.91,1.6,0,0,0,0,23.52,24.75,514.57,257.29,491.05,489.82,0,,,,,,,,,
2014,11,6,310,2072,0.82,0,0,1.95,0.82,1.61,0,0,0,0,25.13,24.75,514.57,257.29,489.44,489.82,0,,,,,,,,,
2014,11,7,311,2072,0.76,0,0,2.02,0.76,1.53,0,0,0,0,24.75,24.75,514.57,257.29,489.82,489.82,0,,,,,,,,,
2014,11,8,312,2072,0.71,0,0,1.91,0.71,1.36,0,0,0,0,26.11,24.75,514.57,257.29,488.46,489.82,0,,,,,,,,,
2014,11,9,313,2072,0.67,0,0,1.87,0.67,1.25,0,0,0,0,24.75,24.75,514.57,257.29,489.82,489.82,0,,,,,,,,,
2014,11,10,314,2072,0.63,0,0,2.04,0.63,1.29,0,0,0,0,26.04,24.75,514.57,257.29,488.53,489.82,0,,,,,,,,,
2014,11,11,315,2072,0.61,0,0,1.51,0.61,0.92,0,0,0,0,24.75,24.75,514.57,257.29,489.82,489.82,0,,,,,,,,,
2014,11,12,316,2072,0.59,0,0,1.4,0.59,0.83,0,0,0,0,25.58,24.75,514.57,257.29,488.99,489.82,0,,,,,,,,,
2014,11,13,317,2072,1.18,0,0,0.94,1.18,1.11,3.18,3.18,0,0,22.4,24.75,514.57,257.29,492.17,489.82,0,,,,,,,,,
2014,11,14,318,2072,1.17,0,0,1.24,1.17,1.45,2.3,2.3,0,0,21.55,24.75,514.57,257.29,493.02,489.82,0,,,,,,,,,
2014,11,15,319,2072,1.17,0,0,1.23,1.17,1.44,0,0,0,0,22.99,24.75,514.57,257.29,491.58,489.82,0,,,,,,,,,
2014,11,16,320,2072,1.16,0,0,2.03,1.16,2.35,0,0,0,0,25.34,24.75,514.57,257.29,489.23,489.82,0,,,,,,,,,
2014,11,17,321,2072,1.11,0,0,1.87,1.11,2.07,0,0,0,0,24.75,24.75,514.57,257.29,489.82,489.82,0,,,,,,,,,
2014,11,18,322,2072,1,0,0,1.42,1,1.42,0,0,0,0,26.17,24.75,514.57,257.29,488.4,489.82,0,,,,,,,,,
2014,11,19,323,2072,0.95,0,0,1,0.95,0.95,0,0,0,0,24.75,24.75,514.57,257.29,489.82,489.82,0,,,,,,,,,
2014,11,20,324,2072,1.19,0,0,0.63,1.19,0.75,3.48,3.48,0,0,22.02,24.75,514.57,257.29,492.55,489.82,0,,,,,,,,,
2014,11,21,325,2072,1.19,0,0,0.77,1.19,0.92,4.74,4.74,0,0,18.2,24.75,514.57,257.29,496.37,489.82,0,,,,,,,,,
2014,11,22,326,2072,1.18,0,0,1.08,1.18,1.28,0.6,0.6,0,0,18.88,24.75,514.57,257.29,495.7,489.82,0,,,,,,,,,
2014,11,23,327,2072,1.16,0,0,1.44,1.16,1.67,1.87,1.87,0,0,18.68,24.75,514.57,257.29,495.89,489.82,0,,,,,,,,,
2014,11,24,328,2072,1.16,0,0,1.37,1.16,1.59,0,0,0,0,20.27,24.75,514.57,257.29,494.3,489.82,0,,,,,,,,,
2014,11,25,329,2072,1.17,0,0,1.22,1.17,1.42,0,0,0,0,21.7,24.75,514.57,257.29,492.88,489.82,0,,,,,,,,,
2014,11,26,330,2072,1.17,0,0,1.16,1.17,1.35,0,0,0,0,23.05,24.75,514.57,257.29,491.52,489.82,0,,,,,,,,,
2014,11,27,331,2072,1.11,0,0,1.2,1.11,1.33,0,0,0,0,24.39,24.75,514.57,257.29,490.19,489.82,0,,,,,,,,,
2014,11,28,332,2072,1.02,0,0,1.15,1.02,1.18,0,0,0,0,25.56,24.75,514.57,257.29,489.01,489.82,0,,,,,,,,,
2014,11,29,333,2072,1.19,0,0,0.86,1.19,1.02,4.67,4.67,0,0,20.89,24.75,514.57,257.29,493.68,489.82,0,,,,,,,,,
2014,11,30,334,2072,1.19,0,0,0.66,1.19,0.79,6.84,6.84,0,0,14.84,24.75,514.57,257.29,499.73,489.82,0,,,,,,,,,
2014,12,1,335,2072,1.18,0,0,1.03,1.18,1.21,3.4,3.4,0,0,12.66,24.75,514.57,257.29,501.92,489.82,0,,,,,,,,,
2014,12,2,336,2072,1.19,0,0,0.67,1.19,0.8,1.57,1.57,0,0,11.89,24.75,514.57,257.29,502.69,489.82,0,,,,,,,,,
2014,12,3,337,2072,1.18,0,0,1.07,1.18,1.26,42.83,13.15,0,0,0,24.75,514.57,257.29,514.57,489.82,0,,,,,,,,,
2014,12,4,338,2072,1.18,0,0,1.07,1.18,1.26,23.53,1.26,0,0,0,24.75,514.57,257.29,514.57,489.82,0,,,,,,,,,
2014,12,5,339,2072,1.18,0,0,0.94,1.18,1.11,0.2,0.2,0,0,0.91,24.75,514.57,257.29,513.66,489.82,0,,,,,,,,,
2014,12,6,340,2072,1.18,0,0,1.08,1.18,1.27,3.02,2.18,0,0,0,24.75,514.57,257.29,514.57,489.82,0,,,,,,,,,
2014,12,7,341,2072,1.18,0,0,0.8,1.18,0.95,0.51,0.51,0,0,0.44,24.75,514.57,257.29,514.14,489.82,0,,,,,,,,,
2014,12,8,342,2072,1.18,0,0,0.83,1.18,0.98,0,0,0,0,1.42,24.75,514.57,257.29,513.15,489.82,0,,,,,,,,,
2014,12,9,343,2072,1.19,0,0,0.69,1.19,0.82,0,0,0,0,2.24,24.75,514.57,257.29,512.34,489.82,0,,,,,,,,,
2014,12,10,344,2072,1.19,0,0,0.97,1.19,1.15,0,0,0,0,3.39,24.75,514.57,257.29,511.19,489.82,0,,,,,,,,,
2014,12,11,345,2072,1.18,0,0,1.19,1.18,1.41,0.75,0.75,0,0,4.04,24.75,514.57,257.29,510.53,489.82,0,,,,,,,,,
2014,12,12,346,2072,1.2,0,0,0.6,1.2,0.72,73.65,4.76,0,0,0,24.75,514.57,257.29,514.57,489.82,0,,,,,,,,,
2014,12,13,347,2072,1.19,0,0,0.67,1.19,0.8,1.55,0.8,0,0,0,24.75,514.57,257.29,514.57,489.82,0,,,,,,,,,
2014,12,14,348,2072,1.19,0,0,0.69,1.19,0.82,0,0,0,0,0.82,24.75,514.57,257.29,513.75,489.82,0,,,,,,,,,
2014,12,15,349,2072,1.19,0,0,0.87,1.19,1.03,5.34,1.85,0,0,0,24.75,514.57,257.29,514.57,489.82,0,,,,,,,,,
2014,12,16,350,2072,1.17,0,0,1.18,1.17,1.38,10.1,1.38,0,0,0,24.75,514.57,257.29,514.57,489.82,0,,,,,,,,,
2014,12,17,351,2072,1.18,0,0,0.96,1.18,1.13,14.67,1.13,0,0,0,24.75,514.57,257.29,514.57,489.82,0,,,,,,,,,
2014,12,18,352,2072,1.18,0,0,0.91,1.18,1.08,2.9,1.08,0,0,0,24.75,514.57,257.29,514.57,489.82,0,,,,,,,,,
2014,12,19,353,2072,1.19,0,0,0.81,1.19,0.96,0.09,0.09,0,0,0.87,24.75,514.57,257.29,513.7,489.82,0,,,,,,,,,
2014,12,20,354,2072,1.19,0,0,0.63,1.19,0.75,18.41,1.62,0,0,0,24.75,514.57,257.29,514.57,489.82,0,,,,,,,,,
2014,12,21,355,2072,1.19,0,0,0.96,1.19,1.14,0.07,0.07,0,0,1.07,24.75,514.57,257.29,513.5,489.82,0,,,,,,,,,
2014,12,22,356,2072,1.19,0,0,0.78,1.19,0.93,0,0,0,0,2,24.75,514.57,257.29,512.57,489.82,0,,,,,,,,,
2014,12,23,357,2072,1.19,0,0,0.72,1.19,0.86,0,0,0,0,2.85,24.75,514.57,257.29,511.72,489.82,0,,,,,,,,,
2014,12,24,358,2072,1.19,0,0,0.97,1.19,1.15,0,0,0,0,4.01,24.75,514.57,257.29,510.57,489.82,0,,,,,,,,,
2014,12,25,359,2072,1.16,0,0,1.86,1.16,2.16,0.69,0.69,0,0,5.48,24.75,514.57,257.29,509.1,489.82,0,,,,,,,,,
2014,12,26,360,2072,1.01,0,0,1.91,1.01,1.92,0,0,0,0,7.4,24.75,514.57,257.29,507.17,489.82,0,,,,,,,,,
2014,12,27,361,2072,0.96,0,0,0.77,0.96,0.74,0,0,0,0,8.14,24.75,514.57,257.29,506.43,489.82,0,,,,,,,,,
2014,12,28,362,2072,0.92,0,0,0.76,0.92,0.7,0,0,0,0,8.84,24.75,514.57,257.29,505.73,489.82,0,,,,,,,,,
2014,12,29,363,2072,0.9,0,0,0.55,0.9,0.49,0,0,0,0,9.33,24.75,514.57,257.29,505.24,489.82,0,,,,,,,,,
2014,12,30,364,2072,0.8,0,0,2.47,0.8,1.98,0,0,0,0,11.31,24.75,514.57,257.29,503.26,489.82,0,,,,,,,,,
2014,12,31,365,2072,0.72,0,0,2.67,0.72,1.94,0,0,0,0,13.25,24.75,514.57,257.29,501.32,489.82,0,,,,,,,,,
2015,1,1,1,2072,0.71,0,0,0.85,0.71,0.6,0,0,0,0,13.85,24.75,514.57,257.29,500.72,489.82,0,,,,,,,,,
2015,1,2,2,2072,0.69,0,0,0.87,0.69,0.6,0,0,0,0,14.45,24.75,514.57,257.29,500.13,489.82,0,,,,,,,,,
2015,1,3,3,2072,0.67,0,0,0.86,0.67,0.58,0,0,0,0,15.02,24.75,514.57,257.29,499.55,489.82,0,,,,,,,,,
2015,1,4,4,2072,0.65,0,0,0.96,0.65,0.63,0,0,0,0,15.65,24.75,514.57,257.29,498.92,489.82,0,,,,,,,,,
2015,1,5,5,2072,0.64,0,0,0.86,0.64,0.55,0,0,0,0,16.2,24.75,514.57,257.29,498.37,489.82,0,,,,,,,,,
2015,1,6,6,2072,0.62,0,0,1.17,0.62,0.73,0,0,0,0,16.93,24.75,514.57,257.29,497.65,489.82,0,,,,,,,,,
2015,1,7,7,2072,0.6,0,0,1.19,0.6,0.72,0,0,0,0,17.64,24.75,514.57,257.29,496.93,489.82,0,,,,,,,,,
2015,1,8,8,2072,0.59,0,0,1.04,0.59,0.61,0,0,0,0,18.26,24.75,514.57,257.29,496.32,489.82,0,,,,,,,,,
2015,1,9,9,2072,0.58,0,0,0.87,0.58,0.5,0,0,0,0,18.76,24.75,514.57,257.29,495.81,489.82,0,,,,,,,,,
2015,1,10,10,2072,0.57,0,0,0.96,0.57,0.54,0,0,0,0,19.3,24.75,514.57,257.29,495.27,489.82,0,,,,,,,,,
2015,1,11,11,2072,0.56,0,0,0.9,0.56,0.5,0,0,0,0,19.81,24.75,514.57,257.29,494.77,489.82,0,,,,,,,,,
2015,1,12,12,2072,0.55,0,0,1.06,0.55,0.58,0,0,0,0,20.38,24.75,514.57,257.29,494.19,489.82,0,,,,,,,,,
2015,1,13,13,2072,0.53,0,0,1.19,0.53,0.64,0,0,0,0,21.02,24.75,514.57,257.29,493.55,489.82,0,,,,,,,,,
2015,1,14,14,2072,0.53,0,0,0.73,0.53,0.39,0,0,0,0,21.41,24.75,514.57,257.29,493.17,489.82,0,,,,,,,,,
2015,1,15,15,2072,0.52,0,0,0.73,0.52,0.38,0,0,0,0,21.79,24.75,514.57,257.29,492.79,489.82,0,,,,,,,,,
2015,1,16,16,2072,0.52,0,0,0.62,0.52,0.32,0,0,0,0,22.11,24.75,514.57,257.29,492.47,489.82,0,,,,,,,,,
2015,1,17,17,2072,0.51,0,0,0.57,0.51,0.29,0.16,0.16,0,0,22.24,24.75,514.57,257.29,492.33,489.82,0,,,,,,,,,
2015,1,18,18,2072,0.51,0,0,0.61,0.51,0.31,0,0,0,0,22.55,24.75,514.57,257.29,492.03,489.82,0,,,,,,,,,
2015,1,19,19,2072,0.5,0,0,0.7,0.5,0.35,0,0,0,0,22.9,24.75,514.57,257.29,491.68,489.82,0,,,,,,,,,
2015,1,20,20,2072,0.49,0,0,0.76,0.49,0.38,0,0,0,0,23.27,24.75,514.57,257.29,491.3,489.82,0,,,,,,,,,
2015,1,21,21,2072,0.49,0,0,0.95,0.49,0.46,0,0,0,0,23.74,24.75,514.57,257.29,490.84,489.82,0,,,,,,,,,
2015,1,22,22,2072,0.48,0,0,0.76,0.48,0.37,0,0,0,0,24.1,24.75,514.57,257.29,490.47,489.82,0,,,,,,,,,
2015,1,23,23,2072,0.48,0,0,0.98,0.48,0.47,0,0,0,0,24.57,24.75,514.57,257.29,490,489.82,0,,,,,,,,,
2015,1,24,24,2072,0.47,0,0,0.95,0.47,0.45,0,0,0,0,25.02,24.75,514.57,257.29,489.56,489.82,0,,,,,,,,,
2015,1,25,25,2072,0.46,0,0,1.05,0.46,0.49,0,0,0,0,24.75,24.75,514.57,257.29,489.82,489.82,0,,,,,,,,,
2015,1,26,26,2072,0.45,0,0,1.32,0.45,0.6,0,0,0,0,25.35,24.75,514.57,257.29,489.22,489.82,0,,,,,,,,,
2015,1,27,27,2072,0.45,0,0,1.1,0.45,0.49,0,0,0,0,24.75,24.75,514.57,257.29,489.82,489.82,0,,,,,,,,,
2015,1,28,28,2072,0.44,0,0,1.57,0.44,0.69,0,0,0,0,25.44,24.75,514.57,257.29,489.13,489.82,0,,,,,,,,,
2015,1,29,29,2072,0.43,0,0,1.46,0.43,0.63,0,0,0,0,24.75,24.75,514.57,257.29,489.82,489.82,0,,,,,,,,,
2015,1,30,30,2072,0.42,0,0,2.03,0.42,0.86,0,0,0,0,25.61,24.75,514.57,257.29,488.97,489.82,0,,,,,,,,,
2015,1,31,31,2072,0.41,0,0,3.58,0.41,1.45,0,0,0,0,24.75,24.75,514.57,257.29,489.82,489.82,0,,,,,,,,,
2015,2,1,32,2072,0.4,0,0,1.45,0.4,0.58,0,0,0,0,25.33,24.75,514.57,257.29,489.24,489.82,0,,,,,,,,,
2015,2,2,33,2072,0.39,0,0,1.48,0.39,0.58,0,0,0,0,24.75,24.75,514.57,257.29,489.82,489.82,0,,,,,,,,,
2015,2,3,34,2072,0.39,0,0,1.52,0.39,0.59,0,0,0,0,25.34,24.75,514.57,257.29,489.23,489.82,0,,,,,,,,,
2015,2,4,35,2072,0.38,0,0,1.47,0.38,0.56,0,0,0,0,24.75,24.75,514.57,257.29,489.82,489.82,0,,,,,,,,,
2015,2,5,36,2072,0.38,0,0,1.17,0.38,0.44,0,0,0,0,25.19,24.75,514.57,257.29,489.38,489.82,0,,,,,,,,,
2015,2,6,37,2072,0.37,0,0,2.17,0.37,0.81,0,0,0,0,24.75,24.75,514.57,257.29,489.82,489.82,0,,,,,,,,,
2015,2,7,38,2072,1.16,0,0,1.44,1.16,1.67,33.87,26.42,0,0,0,24.75,514.57,257.29,514.57,489.82,0,,,,,,,,,
2015,2,8,39,2072,1.17,0,0,1.29,1.17,1.51,4.7,1.51,0,0,0,24.75,514.57,257.29,514.57,489.82,0,,,,,,,,,
2015,2,9,40,2072,1.14,0,0,1.97,1.14,2.25,23.02,2.25,0,0,0,24.75,514.57,257.29,514.57,489.82,0,,,,,,,,,
2015,2,10,41,2072,1.14,0,0,1.83,1.14,2.09,0.18,0.18,0,0,1.91,24.75,514.57,257.29,512.66,489.82,0,,,,,,,,,
2015,2,11,42,2072,1.15,0,0,1.59,1.15,1.83,0,0,0,0,3.74,24.75,514.57,257.29,510.83,489.82,0,,,,,,,,,
2015,2,12,43,2072,1.03,0,0,1.98,1.03,2.03,0,0,0,0,5.77,24.75,514.57,257.29,508.8,489.82,0,,,,,,,,,
2015,2,13,44,2072,0.91,0,0,2.03,0.91,1.84,0,0,0,0,7.61,24.75,514.57,257.29,506.96,489.82,0,,,,,,,,,
2015,2,14,45,2072,0.82,0,0,2.18,0.82,1.78,0,0,0,0,9.39,24.75,514.57,257.29,505.18,489.82,0,,,,,,,,,
2015,2,15,46,2072,0.75,0,0,2.09,0.75,1.57,0,0,0,0,10.96,24.75,514.57,257.29,503.61,489.82,0,,,,,,,,,
2015,2,16,47,2072,0.7,0,0,2.24,0.7,1.56,0,0,0,0,12.52,24.75,514.57,257.29,502.05,489.82,0,,,,,,,,,
2015,2,17,48,2072,0.66,0,0,1.94,0.66,1.28,0,0,0,0,13.8,24.75,514.57,257.29,500.78,489.82,0,,,,,,,,,
2015,2,18,49,2072,0.63,0,0,1.5,0.63,0.95,0,0,0,0,14.74,24.75,514.57,257.29,499.83,489.82,0,,,,,,,,,
2015,2,19,50,2072,0.62,0,0,1.08,0.62,0.66,0,0,0,0,15.41,24.75,514.57,257.29,499.16,489.82,0,,,,,,,,,
2015,2,20,51,2072,0.59,0,0,1.97,0.59,1.16,0,0,0,0,16.57,24.75,514.57,257.29,498,489.82,0,,,,,,,,,
2015,2,21,52,2072,0.57,0,0,1.62,0.57,0.92,0,0,0,0,17.49,24.75,514.57,257.29,497.08,489.82,0,,,,,,,,,
2015,2,22,53,2072,0.53,0,0,3.74,0.53,1.97,0,0,0,0,19.46,24.75,514.57,257.29,495.11,489.82,0,,,,,,,,,
2015,2,23,54,2072,0.49,0,0,4.35,0.49,2.13,0,0,0,0,21.58,24.75,514.57,257.29,492.99,489.82,0,,,,,,,,,
2015,2,24,55,2072,0.47,0,0,2.85,0.47,1.33,0,0,0,0,22.92,24.75,514.57,257.29,491.65,489.82,0,,,,,,,,,
2015,2,25,56,2072,0.45,0,0,2.19,0.45,0.99,0,0,0,0,23.91,24.75,514.57,257.29,490.66,489.82,0,,,,,,,,,
2015,2,26,57,2072,0.44,0,0,3.07,0.44,1.34,0,0,0,0,25.25,24.75,514.57,257.29,489.32,489.82,0,,,,,,,,,
2015,2,27,58,2072,0.42,0,0,2.77,0.42,1.17,0,0,0,0,24.75,24.75,514.57,257.29,489.82,489.82,0,,,,,,,,,
2015,2,28,59,2072,0.41,0,0,1.93,0.41,0.8,0,0,0,0,25.55,24.75,514.57,257.29,489.03,489.82,0,,,,,,,,,
2015,3,1,60,2072,0.4,0,0,2.68,0.4,1.07,0,0,0,0,24.75,24.75,514.57,257.29,489.82,489.82,0,,,,,,,,,
2015,3,2,61,2072,0.39,0,0,2.33,0.39,0.91,0,0,0,0,25.66,24.75,514.57,257.29,488.91,489.82,0,,,,,,,,,
2015,3,3,62,2072,0.38,0,0,2.59,0.38,0.99,1.02,1.02,0,0,24.64,24.75,514.57,257.29,489.93,489.82,0,,,,,,,,,
2015,3,4,63,2072,0.37,0,0,2.6,0.37,0.97,0,0,0,0,25.61,24.75,514.57,257.29,488.96,489.82,0,,,,,,,,,
2015,3,5,64,2072,0.36,0,0,2.79,0.36,1.01,0,0,0,0,24.75,24.75,514.57,257.29,489.82,489.82,0,,,,,,,,,
2015,3,6,65,2072,0.35,0,0,3,0.35,1.06,0,0,0,0,25.81,24.75,514.57,257.29,488.76,489.82,0,,,,,,,,,
2015,3,7,66,2072,0.35,0,0,2.8,0.35,0.97,0,0,0,0,24.75,24.75,514.57,257.29,489.82,489.82,0,,,,,,,,,
2015,3,8,67,2072,0.34,0,0,2.98,0.34,1.01,0,0,0,0,25.76,24.75,514.57,257.29,488.82,489.82,0,,,,,,,,,
2015,3,9,68,2072,0.33,0,0,3.06,0.33,1.01,0,0,0,0,24.75,24.75,514.57,257.29,489.82,489.82,0,,,,,,,,,
2015,3,10,69,2072,0.32,0,0,2.4,0.32,0.78,0,0,0,0,25.53,24.75,514.57,257.29,489.04,489.82,0,,,,,,,,,
2015,3,11,70,2072,0.32,0,0,2.11,0.32,0.67,1.32,1.32,0,0,24.21,24.75,514.57,257.29,490.36,489.82,0,,,,,,,,,
2015,3,12,71,2072,1.08,0,0,3.47,1.08,3.75,3.55,3.55,0,0,24.41,24.75,514.57,257.29,490.16,489.82,0,,,,,,,,,
2015,3,13,72,2072,1.06,0,0,3.11,1.06,3.29,0,0,0,0,27.7,24.75,514.57,257.29,486.87,489.82,0,,,,,,,,,
2015,3,14,73,2072,0.86,0,0,3.29,0.86,2.84,0,0,0,0,24.75,24.75,514.57,257.29,489.82,489.82,0,,,,,,,,,
2015,3,15,74,2072,0.73,0,0,3.85,0.73,2.81,0,0,0,0,27.56,24.75,514.57,257.29,487.01,489.82,0,,,,,,,,,
2015,3,16,75,2072,0.68,0,0,2.46,0.68,1.66,0,0,0,0,24.75,24.75,514.57,257.29,489.82,489.82,0,,,,,,,,,
2015,3,17,76,2072,0.61,0,0,3.49,0.61,2.13,0,0,0,0,26.88,24.75,514.57,257.29,487.69,489.82,0,,,,,,,,,
2015,3,18,77,2072,0.56,0,0,3.89,0.56,2.17,0,0,0,0,24.75,24.75,514.57,257.29,489.82,489.82,0,,,,,,,,,
2015,3,19,78,2072,0.52,0,0,3.94,0.52,2.03,0,0,0,0,26.78,24.75,514.57,257.29,487.79,489.82,0,,,,,,,,,
2015,3,20,79,2072,0.49,0,0,3.11,0.49,1.52,0,0,0,0,24.75,24.75,514.57,257.29,489.82,489.82,0,,,,,,,,,
2015,3,21,80,2072,0.46,0,0,3.63,0.46,1.68,0,0,0,0,26.43,24.75,514.57,257.29,488.14,489.82,0,,,,,,,,,
2015,3,22,81,2072,0.44,0,0,3.27,0.44,1.45,0,0,0,0,24.75,24.75,514.57,257.29,489.82,489.82,0,,,,,,,,,
2015,3,23,82,2072,0.42,0,0,3.28,0.42,1.39,0.25,0.25,0,0,25.89,24.75,514.57,257.29,488.68,489.82,0,,,,,,,,,
2015,3,24,83,2072,0.41,0,0,3.19,0.41,1.3,0,0,0,0,24.75,24.75,514.57,257.29,489.82,489.82,0,,,,,,,,,
2015,3,25,84,2072,0.39,0,0,4.23,0.39,1.65,0,0,0,0,26.4,24.75,514.57,257.29,488.17,489.82,0,,,,,,,,,
2015,3,26,85,2072,0.37,0,0,3.92,0.37,1.47,0,0,0,0,24.75,24.75,514.57,257.29,489.82,489.82,0,,,,,,,,,
2015,3,27,86,2072,0.36,0,0,4.55,0.36,1.63,0,0,0,0,26.38,24.75,514.57,257.29,488.19,489.82,0,,,,,,,,,
2015,3,28,87,2072,0.34,0,0,4.99,0.34,1.71,0,0,0,0,24.75,24.75,514.57,257.29,489.82,489.82,0,,,,,,,,,
2015,3,29,88,2072,0.33,0,0,4.76,0.33,1.57,0,0,0,0,26.32,24.75,514.57,257.29,488.25,489.82,0,,,,,,,,,
2015,3,30,89,2072,0.32,0,0,4.57,0.32,1.46,0,0,0,0,24.75,24.75,514.57,257.29,489.82,489.82,0,,,,,,,,,
2015,3,31,90,2072,0.31,0,0,4.61,0.31,1.43,0,0,0,0,26.18,24.75,514.57,257.29,488.4,489.82,0,,,,,,,,,
2015,4,1,91,2072,0.3,0,0,4.22,0.3,1.27,0,0,0,0,24.75,24.75,514.57,257.29,489.82,489.82,0,,,,,,,,,
2015,4,2,92,2072,0.29,0,0,5.59,0.29,1.62,0,0,0,0,26.37,24.75,514.57,257.29,488.2,489.82,0,,,,,,,,,
2015,4,3,93,2072,0.28,0,0,4.63,0.28,1.31,0,0,0,0,24.75,24.75,514.57,257.29,489.82,489.82,0,,,,,,,,,
2015,4,4,94,2072,0.28,0,0,4.53,0.28,1.25,0,0,0,0,26,24.75,514.57,257.29,488.57,489.82,0,,,,,,,,,
2015,4,5,95,2072,0.27,0,0,2.58,0.27,0.7,0,0,0,0,24.75,24.75,514.57,257.29,489.82,489.82,0,,,,,,,,,
2015,4,6,96,2072,0.27,0,0,2.98,0.27,0.8,1.42,1.42,0,0,24.13,24.75,514.57,257.29,490.44,489.82,0,,,,,,,,,
2015,4,7,97,2072,1.12,0,0,2.41,1.12,2.71,6.49,6.49,0,0,20.35,24.75,514.57,257.29,494.23,489.82,0,,,,,,,,,
2015,4,8,98,2072,1.1,0,0,2.91,1.1,3.21,13.25,13.25,0,0,10.31,24.75,514.57,257.29,504.26,489.82,0,,,,,,,,,
2015,4,9,99,2072,1.07,0,0,3.48,1.07,3.74,0,0,0,0,14.05,24.75,514.57,257.29,500.52,489.82,0,,,,,,,,,
2015,4,10,100,2072,0.83,0,0,4.13,0.83,3.44,0,0,0,0,17.49,24.75,514.57,257.29,497.08,489.82,0,,,,,,,,,
2015,4,11,101,2072,0.7,0,0,4.29,0.7,3,0,0,0,0,20.49,24.75,514.57,257.29,494.08,489.82,0,,,,,,,,,
2015,4,12,102,2072,0.6,0,0,4.97,0.6,2.99,0,0,0,0,23.48,24.75,514.57,257.29,491.09,489.82,0,,,,,,,,,
2015,4,13,103,2072,0.53,0,0,5.12,0.53,2.74,0,0,0,0,26.22,24.75,514.57,257.29,488.35,489.82,0,,,,,,,,,
2015,4,14,104,2072,0.49,0,0,4.85,0.49,2.37,0,0,0,0,24.75,24.75,514.57,257.29,489.82,489.82,0,,,,,,,,,
2015,4,15,105,2072,0.44,0,0,6.7,0.44,2.94,0,0,0,0,27.69,24.75,514.57,257.29,486.88,489.82,0,,,,,,,,,
2015,4,16,106,2072,0.4,0,0,6.12,0.4,2.48,0,0,0,0,24.75,24.75,514.57,257.29,489.82,489.82,0,,,,,,,,,
2015,4,17,107,2072,0.38,0,0,5.33,0.38,2.03,0,0,0,0,26.78,24.75,514.57,257.29,487.79,489.82,0,,,,,,,,,
2015,4,18,108,2072,0.36,0,0,5.03,0.36,1.82,0,0,0,0,24.75,24.75,514.57,257.29,489.82,489.82,0,,,,,,,,,
2015,4,19,109,2072,0.34,0,0,5.36,0.34,1.85,0,0,0,0,26.6,24.75,514.57,257.29,487.97,489.82,0,,,,,,,,,
2015,4,20,110,2072,0.33,0,0,4.9,0.33,1.62,0,0,0,0,24.75,24.75,514.57,257.29,489.82,489.82,0,,,,,,,,,
2015,4,21,111,2072,0.32,0,0,3.95,0.32,1.27,0,0,0,0,26.02,24.75,514.57,257.29,488.55,489.82,0,,,,,,,,,
2015,4,22,112,2072,0.31,0,0,4.22,0.31,1.32,0,0,0,0,24.75,24.75,514.57,257.29,489.82,489.82,0,,,,,,,,,
2015,4,23,113,2072,0.3,0,0,4.83,0.3,1.46,0,0,0,0,26.21,24.75,514.57,257.29,488.36,489.82,0,,,,,,,,,
2015,4,24,114,2072,0.29,0,0,4.92,0.29,1.44,0,0,0,0,24.75,24.75,514.57,257.29,489.82,489.82,0,,,,,,,,,
2015,4,25,115,2072,1.06,0,0,4.12,1.06,4.35,14.13,14.13,0,0,14.97,24.75,514.57,257.29,499.6,489.82,0,,,,,,,,,
2015,4,26,116,2072,0.87,0,0,5.12,0.87,4.46,0,0,0,0,19.42,24.75,514.57,257.29,495.15,489.82,0,,,,,,,,,
2015,4,27,117,2072,0.67,0,0,6.14,0.67,4.1,0,0,0,0,23.52,24.75,514.57,257.29,491.05,489.82,0,,,,,,,,,
2015,4,28,118,2072,0.57,0,0,5.67,0.57,3.23,0,0,0,0,26.75,24.75,514.57,257.29,487.82,489.82,0,,,,,,,,,
2015,4,29,119,2072,0.51,0,0,5.35,0.51,2.72,0,0,0,0,24.75,24.75,514.57,257.29,489.82,489.82,0,,,,,,,,,
2015,4,30,120,2072,0.45,0,0,6.54,0.45,2.96,0,0,0,0,27.71,24.75,514.57,257.29,486.86,489.82,0,,,,,,,,,
2015,5,1,121,2072,0.41,0.2,0,6.55,0.41,2.7,0,0,0,0,30.42,91.85,514.57,257.29,484.16,422.72,0,,,,,,,,,
2015,5,2,122,2072,0.38,0.2,0,6.19,0.38,2.37,0,0,0,0,32.79,91.85,514.57,257.29,481.79,422.72,0,,,,,,,,,
2015,5,3,123,2072,0.36,0.2,0,5.44,0.36,1.97,0,0,0,0,34.76,91.85,514.57,257.29,479.81,422.72,0,,,,,,,,,
2015,5,4,124,2072,0.35,0.2,0,4.95,0.35,1.72,0,0,0,0,36.47,91.85,514.57,257.29,478.1,422.72,0,,,,,,,,,
2015,5,5,125,2072,0.33,0.2,0,4.89,0.33,1.63,0,0,0,0,38.1,91.85,514.57,257.29,476.47,422.72,0,,,,,,,,,
2015,5,6,126,2072,0.32,0.2,0,5.24,0.32,1.67,0,0,0,0,39.77,91.85,514.57,257.29,474.8,422.72,0,,,,,,,,,
2015,5,7,127,2072,0.31,0.2,0,4.2,0.31,1.3,0.45,0.45,0,0,40.63,91.85,514.57,257.29,473.94,422.72,0,,,,,,,,,
2015,5,8,128,2072,0.3,0.2,0,4.53,0.3,1.36,0.55,0.55,0,0,41.44,91.85,514.57,257.29,473.13,422.72,0,,,,,,,,,
2015,5,9,129,2072,0.29,0.2,0,5.14,0.29,1.5,0,0,0,0,42.94,91.85,514.57,257.29,471.63,422.72,0,,,,,,,,,
2015,5,10,130,2072,0.28,0.2,0,5.31,0.28,1.5,0,0,0,0,44.44,91.85,514.57,257.29,470.13,422.72,0,,,,,,,,,
2015,5,11,131,2072,0.27,0.2,0,5.28,0.27,1.45,0,0,0,0,45.89,91.85,514.57,257.29,468.69,422.72,0,,,,,,,,,
2015,5,12,132,2072,0.27,0.2,0,5.03,0.27,1.34,0,0,0,0,47.23,91.85,514.57,257.29,467.34,422.72,0,,,,,,,,,
2015,5,13,133,2072,0.26,0.2,0,4.79,0.26,1.25,0,0,0,0,48.48,91.85,514.57,257.29,466.1,422.72,0,,,,,,,,,
2015,5,14,134,2072,0.26,0.2,0,3.95,0.26,1.01,0,0,0,0,49.49,91.85,514.57,257.29,465.09,422.72,0,,,,,,,,,
2015,5,15,135,2072,0.25,0.2,0,4.75,0.25,1.19,0.02,0.02,0,0,50.66,91.85,514.57,257.29,463.92,422.72,0,,,,,,,,,
2015,5,16,136,2072,0.24,0.2,0,4.87,0.24,1.19,0,0,0,0,51.85,91.85,514.57,257.29,462.72,422.72,0,,,,,,,,,
2015,5,17,137,2072,0.24,0.2,0,4,0.24,0.96,0,0,0,0,52.81,91.85,514.57,257.29,461.76,422.72,0,,,,,,,,,
2015,5,18,138,2072,0.24,0.2,0,4.7,0.24,1.11,0,0,0,0,53.92,91.85,514.57,257.29,460.65,422.72,0,,,,,,,,,
2015,5,19,139,2072,0.23,0.2,0,5.07,0.23,1.17,0,0,0,0,55.1,91.85,514.57,257.29,459.47,422.72,0,,,,,,,,,
2015,5,20,140,2072,0.23,0.2,0,5.05,0.23,1.15,0,0,0,0,56.25,91.85,514.57,257.29,458.33,422.72,0,,,,,,,,,
2015,5,21,141,2072,0.22,0.2,0,4.58,0.22,1.02,0,0,0,0,57.27,91.85,514.57,257.29,457.3,422.72,0,,,,,,,,,
2015,5,22,142,2072,0.22,0.2,0,4.94,0.22,1.09,0,0,0,0,58.36,91.85,514.57,257.29,456.22,422.72,0,,,,,,,,,
2015,5,23,143,2072,0.22,0.23,0,4.77,0.23,1.07,0,0,0,0,59.43,91.85,514.57,257.29,455.14,422.72,0,,,,,,,,,
2015,5,24,144,2072,0.21,0.25,0,5.77,0.25,1.44,0,0,0,0,60.87,91.85,514.57,257.29,453.7,422.72,0,,,,,,,,,
2015,5,25,145,2072,0.21,0.28,0,5.58,0.28,1.53,0,0,0,0,62.41,91.85,514.57,257.29,452.17,422.72,0,,,,,,,,,
2015,5,26,146,2072,0.2,0.3,0,5.63,0.3,1.69,0,0,0,0,64.1,91.85,514.57,257.29,450.48,422.72,0,,,,,,,,,
2015,5,27,147,2072,0.2,0.33,0,5.67,0.33,1.84,0,0,0,0,65.94,91.85,514.57,257.29,448.63,422.72,0,,,,,,,,,
2015,5,28,148,2072,0.2,0.35,0,5.48,0.35,1.92,0,0,0,0,67.86,91.85,514.57,257.29,446.72,422.72,0,,,,,,,,,
2015,5,29,149,2072,0.19,0.38,0,6.16,0.38,2.31,0,0,0,0,70.17,91.85,514.57,257.29,444.41,422.72,0,,,,,,,,,
2015,5,30,150,2072,0.19,0.4,0,6.49,0.4,2.6,0,0,0,0,72.76,91.85,514.57,257.29,441.81,422.72,0,,,,,,,,,
2015,5,31,151,2072,0.19,0.43,0,5.57,0.43,2.37,0,0,0,0,75.13,91.85,514.57,257.29,439.44,422.72,0,,,,,,,,,
2015,6,1,152,2072,0.19,0.45,0,5.56,0.45,2.5,0,0,0,0,77.63,91.85,514.57,257.29,436.94,422.72,0,,,,,,,,,
2015,6,2,153,2072,0.18,0.48,0,5.75,0.48,2.73,0,0,0,0,80.36,91.85,514.57,257.29,434.21,422.72,0,,,,,,,,,
2015,6,3,154,2072,0.18,0.5,0,5.65,0.5,2.83,0,0,0,0,83.19,91.85,514.57,257.29,431.38,422.72,0,,,,,,,,,
2015,6,4,155,2072,0.18,0.53,0,5.94,0.53,3.12,0,0,0,0,86.31,91.85,514.57,257.29,428.27,422.72,0,,,,,,,,,
2015,6,5,156,2072,0.17,0.55,0,6.93,0.55,3.81,0,0,0,0,90.12,91.85,514.57,257.29,424.45,422.72,0,,,,,,,,,
2015,6,6,157,2072,0.17,0.58,0,6.53,0.58,3.75,0.01,0.01,0,0,0,91.85,514.57,257.29,514.57,422.72,93.86,,,,,,,,,
2015,6,7,158,2072,0.17,0.6,0,7.06,0.6,4.24,0,0,0,0,4.24,91.85,514.57,257.29,510.34,422.72,0,,,,,,,,,
2015,6,8,159,2072,0.17,0.63,0,7.42,0.63,4.64,0,0,0,0,8.87,91.85,514.57,257.29,505.7,422.72,0,,,,,,,,,
2015,6,9,160,2072,0.16,0.65,0,7.22,0.65,4.69,0,0,0,0,13.57,91.85,514.57,257.29,501.01,422.72,0,,,,,,,,,
2015,6,10,161,2072,0.16,0.68,0,2.57,0.68,1.73,0.07,0.07,0,0,15.23,91.85,514.57,257.29,499.34,422.72,0,,,,,,,,,
2015,6,11,162,2072,0.16,0.7,0,7.16,0.7,5.01,1.22,1.22,0,0,19.02,91.85,514.57,257.29,495.55,422.72,0,,,,,,,,,
2015,6,12,163,2072,0.16,0.73,0,8.08,0.73,5.86,0,0,0,0,24.88,91.85,514.57,257.29,489.69,422.72,0,,,,,,,,,
2015,6,13,164,2072,0.16,0.75,0,7.66,0.75,5.75,0,0,0,0,30.63,91.85,514.57,257.29,483.95,422.72,0,,,,,,,,,
2015,6,14,165,2072,0.15,0.78,0,6.92,0.78,5.36,0,0,0,0,35.99,91.85,514.57,257.29,478.58,422.72,0,,,,,,,,,
2015,6,15,166,2072,0.15,0.8,0,6.72,0.8,5.38,0,0,0,0,41.37,91.85,514.57,257.29,473.21,422.72,0,,,,,,,,,
2015,6,16,167,2072,0.15,0.83,0,7.03,0.83,5.8,0,0,0,0,47.17,91.85,514.57,257.29,467.41,422.72,0,,,,,,,,,
2015,6,17,168,2072,0.15,0.85,0,6.97,0.85,5.92,0,0,0,0,53.09,91.85,514.57,257.29,461.48,422.72,0,,,,,,,,,
2015,6,18,169,2072,0.15,0.88,0,7.75,0.88,6.78,0,0,0,0,59.87,91.85,514.57,257.29,454.7,422.72,0,,,,,,,,,
2015,6,19,170,2072,0.14,0.9,0,7.43,0.9,6.69,0,0,0,0,66.56,91.85,514.57,257.29,448.01,422.72,0,,,,,,,,,
2015,6,20,171,2072,0.14,0.93,0,7.17,0.93,6.63,0,0,0,0,73.19,91.85,514.57,257.29,441.38,422.72,0,,,,,,,,,
2015,6,21,172,2072,0.14,0.95,0,7.78,0.95,7.39,0,0,0,0,80.58,91.85,514.57,257.29,433.99,422.72,0,,,,,,,,,
2015,6,22,173,2072,0.14,0.98,0,6.99,0.98,6.82,0,0,0,0,87.4,91.85,514.57,257.29,427.18,422.72,0,,,,,,,,,
2015,6,23,174,2072,0.14,1,0,7.45,1,7.45,0,0,0,0,0,91.85,514.57,257.29,514.57,422.72,94.85,,,,,,,,,
2015,6,24,175,2072,0.14,1.03,0,7.51,1.03,7.7,0,0,0,0,7.7,91.85,514.57,257.29,506.87,422.72,0,,,,,,,,,
2015,6,25,176,2072,0.14,1.05,0,7.98,1.05,8.38,0,0,0,0,16.08,91.85,514.57,257.29,498.5,422.72,0,,,,,,,,,
2015,6,26,177,2072,0.13,1.05,0,8.46,1.05,8.88,0,0,0,0,24.96,91.85,514.57,257.29,489.61,422.72,0,,,,,,,,,
2015,6,27,178,2072,0.13,1.05,0,7.16,1.05,7.52,0,0,0,0,32.48,91.85,514.57,257.29,482.09,422.72,0,,,,,,,,,
2015,6,28,179,2072,0.13,1.05,0,7.43,1.05,7.8,0,0,0,0,40.28,91.85,514.57,257.29,474.29,422.72,0,,,,,,,,,
2015,6,29,180,2072,0.13,1.05,0,7.6,1.05,7.98,0,0,0,0,48.26,91.85,514.57,257.29,466.31,422.72,0,,,,,,,,,
2015,6,30,181,2072,0.13,1.05,0,7.68,1.05,8.06,0,0,0,0,56.32,91.85,514.57,257.29,458.25,422.72,0,,,,,,,,,
2015,7,1,182,2072,0.13,1.05,0,7.42,1.05,7.79,0,0,0,0,64.11,91.85,514.57,257.29,450.46,422.72,0,,,,,,,,,
2015,7,2,183,2072,0.13,1.05,0,7.56,1.05,7.94,0,0,0,0,72.05,91.85,514.57,257.29,442.52,422.72,0,,,,,,,,,
2015,7,3,184,2072,0.12,1.05,0,7.43,1.05,7.8,0,0,0,0,79.85,91.85,514.57,257.29,434.72,422.72,0,,,,,,,,,
2015,7,4,185,2072,0.12,1.05,0,8.14,1.05,8.55,0,0,0,0,88.4,91.85,514.57,257.29,426.17,422.72,0,,,,,,,,,
2015,7,5,186,2072,0.12,1.05,0,7.47,1.05,7.84,0,0,0,0,0,91.85,514.57,257.29,514.57,422.72,96.24,,,,,,,,,
2015,7,6,187,2072,0.12,1.05,0,7.45,1.05,7.82,0,0,0,0,7.82,91.85,514.57,257.29,506.75,422.72,0,,,,,,,,,
2015,7,7,188,2072,0.12,1.05,0,7.05,1.05,7.4,0,0,0,0,15.23,91.85,514.57,257.29,499.35,422.72,0,,,,,,,,,
2015,7,8,189,2072,0.12,1.05,0,6.42,1.05,6.74,0,0,0,0,21.97,91.85,514.57,257.29,492.61,422.72,0,,,,,,,,,
2015,7,9,190,2072,0.12,1.05,0,4.51,1.05,4.74,0,0,0,0,26.7,91.85,514.57,257.29,487.87,422.72,0,,,,,,,,,
2015,7,10,191,2072,0.12,1.05,0,5.24,1.05,5.5,0,0,0,0,32.2,91.85,514.57,257.29,482.37,422.72,0,,,,,,,,,
2015,7,11,192,2072,0.12,1.05,0,6.46,1.05,6.78,0,0,0,0,38.99,91.85,514.57,257.29,475.59,422.72,0,,,,,,,,,
2015,7,12,193,2072,0.12,1.05,0,6.6,1.05,6.93,0,0,0,0,45.92,91.85,514.57,257.29,468.66,422.72,0,,,,,,,,,
2015,7,13,194,2072,0.12,1.05,0,6.72,1.05,7.06,0,0,0,0,52.97,91.85,514.57,257.29,461.6,422.72,0,,,,,,,,,
2015,7,14,195,2072,0.11,1.05,0,6.66,1.05,6.99,0,0,0,0,59.97,91.85,514.57,257.29,454.61,422.72,0,,,,,,,,,
2015,7,15,196,2072,0.11,1.05,0,6.77,1.05,7.11,0,0,0,0,67.07,91.85,514.57,257.29,447.5,422.72,0,,,,,,,,,
2015,7,16,197,2072,0.11,1.05,0,7.29,1.05,7.65,0,0,0,0,74.73,91.85,514.57,257.29,439.84,422.72,0,,,,,,,,,
2015,7,17,198,2072,0.11,1.05,0,7.45,1.05,7.82,0,0,0,0,82.55,91.85,514.57,257.29,432.02,422.72,0,,,,,,,,,
2015,7,18,199,2072,0.11,1.05,0,7.52,1.05,7.9,0,0,0,0,90.45,91.85,514.57,257.29,424.13,422.72,0,,,,,,,,,
2015,7,19,200,2072,0.11,1.05,0,6.89,1.05,7.23,0,0,0,0,0,91.85,514.57,257.29,514.57,422.72,97.68,,,,,,,,,
2015,7,20,201,2072,0.11,1.05,0,7.43,1.05,7.8,0,0,0,0,7.8,91.85,514.57,257.29,506.77,422.72,0,,,,,,,,,
2015,7,21,202,2072,0.11,1.05,0,7.44,1.05,7.81,0,0,0,0,15.61,91.85,514.57,257.29,498.96,422.72,0,,,,,,,,,
2015,7,22,203,2072,0.11,1.05,0,7.1,1.05,7.46,0,0,0,0,23.07,91.85,514.57,257.29,491.5,422.72,0,,,,,,,,,
2015,7,23,204,2072,0.11,1.05,0,6.23,1.05,6.54,0,0,0,0,29.61,91.85,514.57,257.29,484.96,422.72,0,,,,,,,,,
2015,7,24,205,2072,0.11,1.05,0,6.45,1.05,6.77,0,0,0,0,36.38,91.85,514.57,257.29,478.19,422.72,0,,,,,,,,,
2015,7,25,206,2072,0.11,1.05,0,6.6,1.05,6.93,0,0,0,0,43.31,91.85,514.57,257.29,471.26,422.72,0,,,,,,,,,
2015,7,26,207,2072,0.11,1.05,0,6.59,1.05,6.92,0,0,0,0,50.23,91.85,514.57,257.29,464.34,422.72,0,,,,,,,,,
2015,7,27,208,2072,0.11,1.05,0,7.51,1.05,7.89,0,0,0,0,58.12,91.85,514.57,257.29,456.45,422.72,0,,,,,,,,,
2015,7,28,209,2072,0.1,1.05,0,7.9,1.05,8.3,0,0,0,0,66.41,91.85,514.57,257.29,448.16,422.72,0,,,,,,,,,
2015,7,29,210,2072,0.1,1.05,0,7.55,1.05,7.93,0,0,0,0,74.34,91.85,514.57,257.29,440.23,422.72,0,,,,,,,,,
2015,7,30,211,2072,0.1,1.05,0,8,1.05,8.4,0,0,0,0,82.74,91.85,514.57,257.29,431.83,422.72,0,,,,,,,,,
2015,7,31,212,2072,0.1,1.05,0,6.92,1.05,7.27,0,0,0,0,90.01,91.85,514.57,257.29,424.57,422.72,0,,,,,,,,,
2015,8,1,213,2072,0.1,1.05,0,7.08,1.05,7.43,0,0,0,0,0,91.85,514.57,257.29,514.57,422.72,97.44,,,,,,,,,
2015,8,2,214,2072,0.1,1.05,0,6.92,1.05,7.27,0,0,0,0,7.27,91.85,514.57,257.29,507.31,422.72,0,,,,,,,,,
2015,8,3,215,2072,0.1,1.05,0,7,1.05,7.35,0,0,0,0,14.62,128.64,514.57,257.29,499.96,385.93,0,,,,,,,,,
2015,8,4,216,2072,0.1,1.05,0,4.85,1.05,5.09,0,0,0,0,19.71,128.64,514.57,257.29,494.86,385.93,0,,,,,,,,,
2015,8,5,217,2072,0.1,1.05,0,5.83,1.05,6.12,0,0,0,0,25.83,128.64,514.57,257.29,488.74,385.93,0,,,,,,,,,
2015,8,6,218,2072,0.1,1.05,0,4.52,1.05,4.75,0,0,0,0,30.58,128.64,514.57,257.29,484,385.93,0,,,,,,,,,
2015,8,7,219,2072,0.1,1.05,0,6.88,1.05,7.22,0,0,0,0,37.8,128.64,514.57,257.29,476.77,385.93,0,,,,,,,,,
2015,8,8,220,2072,0.1,1.02,0,6.22,1.02,6.32,0,0,0,0,44.12,128.64,514.57,257.29,470.45,385.93,0,,,,,,,,,
2015,8,9,221,2072,0.1,0.98,0,6.69,0.98,6.58,0,0,0,0,50.7,128.64,514.57,257.29,463.87,385.93,0,,,,,,,,,
2015,8,10,222,2072,0.1,0.95,0,6.74,0.95,6.4,0,0,0,0,57.11,128.64,514.57,257.29,457.47,385.93,0,,,,,,,,,
2015,8,11,223,2072,0.1,0.92,0,6.58,0.92,6.03,0,0,0,0,63.14,128.64,514.57,257.29,451.44,385.93,0,,,,,,,,,
2015,8,12,224,2072,0.1,0.88,0,6.46,0.88,5.71,0,0,0,0,68.84,128.64,514.57,257.29,445.73,385.93,0,,,,,,,,,
2015,8,13,225,2072,0.1,0.85,0,6.63,0.85,5.64,0,0,0,0,74.48,128.64,514.57,257.29,440.09,385.93,0,,,,,,,,,
2015,8,14,226,2072,0.1,0.82,0,6.2,0.82,5.06,0,0,0,0,79.54,128.64,514.57,257.29,435.03,385.93,0,,,,,,,,,
2015,8,15,227,2072,0.1,0.78,0,6.51,0.78,5.1,0,0,0,0,84.64,128.64,514.57,257.29,429.93,385.93,0,,,,,,,,,
2015,8,16,228,2072,0.1,0.75,0,6.78,0.75,5.09,0,0,0,0,89.73,128.64,514.57,257.29,424.85,385.93,0,,,,,,,,,
2015,8,17,229,2072,0.09,0.72,0,7.25,0.72,5.2,0,0,0,0,94.92,128.64,514.57,257.29,419.65,385.93,0,,,,,,,,,
2015,8,18,230,2072,0.09,0.68,0,7.05,0.68,4.82,0,0,0,0,99.74,128.64,514.57,257.29,414.83,385.93,0,,,,,,,,,
2015,8,19,231,2072,0.09,0.65,0,6.44,0.65,4.19,0,0,0,0,103.93,128.64,514.57,257.29,410.65,385.93,0,,,,,,,,,
2015,8,20,232,2072,0.09,0.62,0,5.71,0.62,3.52,0,0,0,0,107.45,128.64,514.57,257.29,407.13,385.93,0,,,,,,,,,
2015,8,21,233,2072,0.09,0.58,0,5.79,0.58,3.38,0,0,0,0,110.82,128.64,514.57,257.29,403.75,385.93,0,,,,,,,,,
2015,8,22,234,2072,0.09,0.55,0,5.86,0.55,3.22,0,0,0,0,114.05,128.64,514.57,257.29,400.52,385.93,0,,,,,,,,,
2015,8,23,235,2072,0.09,0.52,0,5.93,0.52,3.06,0,0,0,0,117.11,128.64,514.57,257.29,397.46,385.93,0,,,,,,,,,
2015,8,24,236,2072,0.09,0.48,0,6.4,0.48,3.09,0,0,0,0,120.2,128.64,514.57,257.29,394.37,385.93,0,,,,,,,,,
2015,8,25,237,2072,0.09,0.45,0,6.7,0.45,3.02,0,0,0,0,123.22,128.64,514.57,257.29,391.35,385.93,0,,,,,,,,,
2015,8,26,238,2072,0.09,0.42,0,6.8,0.42,2.83,0,0,0,0,126.05,128.64,514.57,257.29,388.52,385.93,0,,,,,,,,,
2015,8,27,239,2072,0.09,0.38,0,6.81,0.38,2.61,0,0,0,0,0,128.64,514.57,257.29,514.57,385.93,128.66,,,,,,,,,
2015,8,28,240,2072,0.09,0.35,0,6.87,0.35,2.4,0,0,0,0,2.4,128.64,514.57,257.29,512.17,385.93,0,,,,,,,,,
2015,8,29,241,2072,0.09,0.32,0,5.44,0.32,1.72,0,0,0,0,4.13,128.64,514.57,257.29,510.45,385.93,0,,,,,,,,,
2015,8,30,242,2072,0.09,0.28,0,5.56,0.28,1.58,0,0,0,0,5.7,128.64,514.57,257.29,508.87,385.93,0,,,,,,,,,
2015,8,31,243,2072,0.09,0.25,0,5.76,0.25,1.44,0,0,0,0,7.14,128.64,514.57,257.29,507.43,385.93,0,,,,,,,,,
2015,9,1,244,2072,0.09,0,0,5.9,0.09,0.53,0,0,0,0,7.67,24.75,514.57,257.29,506.9,489.82,0,,,,,,,,,
2015,9,2,245,2072,0.09,0,0,5.77,0.09,0.51,0,0,0,0,8.18,24.75,514.57,257.29,506.39,489.82,0,,,,,,,,,
2015,9,3,246,2072,0.09,0,0,5.25,0.09,0.47,0,0,0,0,8.65,24.75,514.57,257.29,505.93,489.82,0,,,,,,,,,
2015,9,4,247,2072,0.09,0,0,5.36,0.09,0.47,0,0,0,0,9.12,24.75,514.57,257.29,505.45,489.82,0,,,,,,,,,
2015,9,5,248,2072,0.09,0,0,5.84,0.09,0.51,0,0,0,0,9.63,24.75,514.57,257.29,504.94,489.82,0,,,,,,,,,
2015,9,6,249,2072,0.09,0,0,5.27,0.09,0.46,0,0,0,0,10.1,24.75,514.57,257.29,504.48,489.82,0,,,,,,,,,
2015,9,7,250,2072,0.09,0,0,5.59,0.09,0.49,0,0,0,0,10.59,24.75,514.57,257.29,503.99,489.82,0,,,,,,,,,
2015,9,8,251,2072,0.09,0,0,5.46,0.09,0.48,0,0,0,0,11.06,24.75,514.57,257.29,503.51,489.82,0,,,,,,,,,
2015,9,9,252,2072,0.09,0,0,6.23,0.09,0.54,0,0,0,0,11.6,24.75,514.57,257.29,502.97,489.82,0,,,,,,,,,
2015,9,10,253,2072,0.09,0,0,6.64,0.09,0.57,0,0,0,0,12.18,24.75,514.57,257.29,502.39,489.82,0,,,,,,,,,
2015,9,11,254,2072,0.09,0,0,6.34,0.09,0.55,0,0,0,0,12.73,24.75,514.57,257.29,501.85,489.82,0,,,,,,,,,
2015,9,12,255,2072,0.09,0,0,4.82,0.09,0.41,0,0,0,0,13.14,24.75,514.57,257.29,501.43,489.82,0,,,,,,,,,
2015,9,13,256,2072,0.09,0,0,5.41,0.09,0.46,0,0,0,0,13.6,24.75,514.57,257.29,500.97,489.82,0,,,,,,,,,
2015,9,14,257,2072,0.09,0,0,4.19,0.09,0.36,0,0,0,0,13.96,24.75,514.57,257.29,500.61,489.82,0,,,,,,,,,
2015,9,15,258,2072,0.09,0,0,4.58,0.09,0.39,0,0,0,0,14.35,24.75,514.57,257.29,500.22,489.82,0,,,,,,,,,
2015,9,16,259,2072,0.09,0,0,3.32,0.09,0.28,0,0,0,0,14.64,24.75,514.57,257.29,499.93,489.82,0,,,,,,,,,
2015,9,17,260,2072,0.09,0,0,3.93,0.09,0.33,0.23,0.23,0,0,14.74,24.75,514.57,257.29,499.83,489.82,0,,,,,,,,,
2015,9,18,261,2072,0.08,0,0,4.53,0.08,0.38,0,0,0,0,15.13,24.75,514.57,257.29,499.44,489.82,0,,,,,,,,,
2015,9,19,262,2072,0.08,0,0,4.78,0.08,0.41,0,0,0,0,15.53,24.75,514.57,257.29,499.04,489.82,0,,,,,,,,,
2015,9,20,263,2072,0.08,0,0,4.79,0.08,0.4,0,0,0,0,15.94,24.75,514.57,257.29,498.63,489.82,0,,,,,,,,,
2015,9,21,264,2072,0.08,0,0,5.6,0.08,0.47,0,0,0,0,16.41,24.75,514.57,257.29,498.16,489.82,0,,,,,,,,,
2015,9,22,265,2072,0.08,0,0,5.83,0.08,0.49,0,0,0,0,16.9,24.75,514.57,257.29,497.67,489.82,0,,,,,,,,,
2015,9,23,266,2072,0.08,0,0,4.62,0.08,0.39,0,0,0,0,17.29,24.75,514.57,257.29,497.29,489.82,0,,,,,,,,,
2015,9,24,267,2072,0.08,0,0,4.63,0.08,0.39,0,0,0,0,17.67,24.75,514.57,257.29,496.9,489.82,0,,,,,,,,,
2015,9,25,268,2072,0.08,0,0,5.62,0.08,0.47,0,0,0,0,18.14,24.75,514.57,257.29,496.43,489.82,0,,,,,,,,,
2015,9,26,269,2072,0.08,0,0,5.39,0.08,0.45,0,0,0,0,18.59,24.75,514.57,257.29,495.98,489.82,0,,,,,,,,,
2015,9,27,270,2072,0.08,0,0,4.08,0.08,0.34,0,0,0,0,18.93,24.75,514.57,257.29,495.64,489.82,0,,,,,,,,,
2015,9,28,271,2072,0.08,0,0,4.73,0.08,0.39,0,0,0,0,19.32,24.75,514.57,257.29,495.25,489.82,0,,,,,,,,,
2015,9,29,272,2072,0.08,0,0,4.31,0.08,0.36,0,0,0,0,19.68,24.75,514.57,257.29,494.89,489.82,0,,,,,,,,,
2015,9,30,273,2072,0.08,0,0,2.04,0.08,0.17,0,0,0,0,19.85,24.75,514.57,257.29,494.73,489.82,0,,,,,,,,,