 Daily soil water balance output for Citrus & Subtropical in 186_Yolo DAU_Co within 05_Sacramento River for WY 2015,,,,,,,,,,,,,,,,,,,,,,,Annual and in-season monthly output  for Citrus & Subtropical in 186_Yolo DAU_Co within 05_Sacramento River for WY 2015,,,,,
Year,Mon,Day,DOY, Area,OKc,IKc,CCKc,ETo,Kc,ETc,Pcp,Er,Spg,Espg,SWD,SWDx,FC,PWP,SWC, YT ,NA,,Year,Mon, Area,ETo,ETc,ETc
 #  , # , # ,  #,Acres,   ,   ,    , mm,mm, mm, mm,mm, mm, mm , mm, mm ,mm, mm, mm, mm, mm,,#  , # , Acres, mm, mm,acre-ft
2014,10,1,274,2,0.56,0.95,0,6.18,0.95,5.87,0,0,0,0,46.11,73.65,310.9,155.45,264.79,237.25,0,,2014,10,2,103.42,98.24,0.64
2014,10,2,275,2,0.52,0.95,0,4.2,0.95,3.99,0,0,0,0,50.1,73.65,310.9,155.45,260.8,237.25,0,,2014,11,2,43.39,46.33,0.30
2014,10,3,276,2,0.48,0.95,0,4.14,0.95,3.93,0,0,0,0,54.03,73.65,310.9,155.45,256.86,237.25,0,,2014,12,2,32.08,35.92,0.24
2014,10,4,277,2,0.45,0.95,0,4.18,0.95,3.97,0,0,0,0,58,73.65,310.9,155.45,252.89,237.25,0,,2015,1,2,33.25,31.60,0.21
2014,10,5,278,2,0.43,0.95,0,4.06,0.95,3.86,0,0,0,0,61.86,73.65,310.9,155.45,249.04,237.25,0,,2015,2,2,56.91,55.86,0.37
2014,10,6,279,2,0.41,0.95,0,4.12,0.95,3.91,0,0,0,0,65.77,73.65,310.9,155.45,245.12,237.25,0,,2015,3,2,104.95,100.50,0.66
2014,10,7,280,2,0.39,0.95,0,4.25,0.95,4.04,0,0,0,0,69.81,73.65,310.9,155.45,241.08,237.25,0,,2015,4,2,140.99,135.66,0.89
2014,10,8,281,2,0.37,0.95,0,4.81,0.95,4.57,0,0,0,0,0,73.65,310.9,155.45,310.9,237.25,74.38,,2015,5,2,160.57,152.55,1.00
2014,10,9,282,2,0.35,0.95,0,4.33,0.95,4.11,0,0,0,0,4.11,73.65,310.9,155.45,306.78,237.25,0,,2015,6,2,209.56,199.07,1.31
2014,10,10,283,2,0.34,0.95,0,3.77,0.95,3.58,0,0,0,0,7.7,73.65,310.9,155.45,303.2,237.25,0,,2015,7,2,216.77,205.95,1.35
2014,10,11,284,2,0.33,0.95,0,3.53,0.95,3.35,0,0,0,0,11.05,73.65,310.9,155.45,299.85,237.25,0,,2015,8,2,196.26,186.46,1.22
2014,10,12,285,2,0.32,0.95,0,6.72,0.95,6.38,0,0,0,0,17.43,73.65,310.9,155.45,293.46,237.25,0,,2015,9,2,150.85,143.31,0.94
2014,10,13,286,2,0.31,0.95,0,4.16,0.95,3.95,0,0,0,0,21.38,73.65,310.9,155.45,289.51,237.25,0,,,,,,,
2014,10,14,287,2,0.3,0.95,0,3.14,0.95,2.98,0,0,0,0,24.37,73.65,310.9,155.45,286.53,237.25,0,,,,,,,
2014,10,15,288,2,0.3,0.95,0,2.28,0.95,2.17,1.75,1.75,0,0,24.78,73.65,310.9,155.45,286.11,237.25,0,,,,,,,
2014,10,16,289,2,0.29,0.95,0,2.67,0.95,2.54,0.08,0.08,0,0,27.24,73.65,310.9,155.45,283.66,237.25,0,,,,,,,
2014,10,17,290,2,0.29,0.95,0,2.51,0.95,2.38,0,0,0,0,29.62,73.65,310.9,155.45,281.27,237.25,0,,,,,,,
2014,10,18,291,2,0.29,0.95,0,2.9,0.95,2.76,0,0,0,0,32.38,73.65,310.9,155.45,278.52,237.25,0,,,,,,,
2014,10,19,292,2,0.28,0.95,0,3.02,0.95,2.87,0,0,0,0,35.25,73.65,310.9,155.45,275.65,237.25,0,,,,,,,
2014,10,20,293,2,0.28,0.95,0,2.28,0.95,2.17,0,0,0,0,37.41,73.65,310.9,155.45,273.48,237.25,0,,,,,,,
2014,10,21,294,2,0.27,0.95,0,2.62,0.95,2.49,0,0,0,0,39.9,73.65,310.9,155.45,270.99,237.25,0,,,,,,,
2014,10,22,295,2,0.27,0.95,0,2.57,0.95,2.44,0,0,0,0,42.35,73.65,310.9,155.45,268.55,237.25,0,,,,,,,
2014,10,23,296,2,0.27,0.95,0,2.45,0.95,2.33,0,0,0,0,44.67,73.65,310.9,155.45,266.22,237.25,0,,,,,,,
2014,10,24,297,2,0.26,0.95,0,2.62,0.95,2.49,0,0,0,0,47.16,73.65,310.9,155.45,263.73,237.25,0,,,,,,,
2014,10,25,298,2,0.26,0.95,0,2.31,0.95,2.19,0,0,0,0,49.36,73.65,310.9,155.45,261.54,237.25,0,,,,,,,
2014,10,26,299,2,0.26,0.95,0,2.62,0.95,2.49,2.42,2.42,0,0,49.43,73.65,310.9,155.45,261.47,237.25,0,,,,,,,
2014,10,27,300,2,0.26,0.95,0,2.46,0.95,2.34,0,0,0,0,51.76,73.65,310.9,155.45,259.13,237.25,0,,,,,,,
2014,10,28,301,2,0.25,0.95,0,2.35,0.95,2.23,0,0,0,0,53.99,73.65,310.9,155.45,256.9,237.25,0,,,,,,,
2014,10,29,302,2,0.25,0.95,0,2.4,0.95,2.28,0,0,0,0,56.27,73.65,310.9,155.45,254.62,237.25,0,,,,,,,
2014,10,30,303,2,0.25,0.95,0,2.55,0.95,2.42,0,0,0,0,58.7,73.65,310.9,155.45,252.2,237.25,0,,,,,,,
2014,10,31,304,2,0.25,0.95,0,1.22,0.95,1.16,0,0,0,0,59.86,73.65,310.9,155.45,251.04,237.25,0,,,,,,,
2014,11,1,305,2,1.15,0.95,0,1.85,1.15,2.12,9.51,9.51,0,0,52.47,73.65,310.9,155.45,258.43,237.25,0,,,,,,,
2014,11,2,306,2,1.14,0.95,0,2.22,1.14,2.53,0,0,0,0,54.99,73.65,310.9,155.45,255.9,237.25,0,,,,,,,
2014,11,3,307,2,1.14,0.95,0,1.82,1.14,2.08,0,0,0,0,57.07,73.65,310.9,155.45,253.82,237.25,0,,,,,,,
2014,11,4,308,2,1.01,0.95,0,1.76,1.01,1.77,0,0,0,0,58.84,73.65,310.9,155.45,252.06,237.25,0,,,,,,,
2014,11,5,309,2,0.91,0.95,0,1.77,0.95,1.68,0,0,0,0,60.52,73.65,310.9,155.45,250.37,237.25,0,,,,,,,
2014,11,6,310,2,0.82,0.95,0,1.95,0.95,1.85,0,0,0,0,62.37,73.65,310.9,155.45,248.52,237.25,0,,,,,,,
2014,11,7,311,2,0.76,0.95,0,2.02,0.95,1.92,0,0,0,0,64.29,73.65,310.9,155.45,246.6,237.25,0,,,,,,,
2014,11,8,312,2,0.71,0.95,0,1.91,0.95,1.81,0,0,0,0,66.11,73.65,310.9,155.45,244.79,237.25,0,,,,,,,
2014,11,9,313,2,0.67,0.95,0,1.87,0.95,1.78,0,0,0,0,67.88,73.65,310.9,155.45,243.01,237.25,0,,,,,,,
2014,11,10,314,2,0.63,0.95,0,2.04,0.95,1.94,0,0,0,0,69.82,73.65,310.9,155.45,241.07,237.25,0,,,,,,,
2014,11,11,315,2,0.61,0.95,0,1.51,0.95,1.43,0,0,0,0,71.26,73.65,310.9,155.45,239.64,237.25,0,,,,,,,
2014,11,12,316,2,0.59,0.95,0,1.4,0.95,1.33,0,0,0,0,72.59,73.65,310.9,155.45,238.31,237.25,0,,,,,,,
2014,11,13,317,2,1.18,0.95,0,0.94,1.18,1.11,3.18,3.18,0,0,70.52,73.65,310.9,155.45,240.38,237.25,0,,,,,,,
2014,11,14,318,2,1.17,0.95,0,1.24,1.17,1.45,2.3,2.3,0,0,69.67,73.65,310.9,155.45,241.23,237.25,0,,,,,,,
2014,11,15,319,2,1.17,0.95,0,1.23,1.17,1.44,0,0,0,0,71.11,73.65,310.9,155.45,239.79,237.25,0,,,,,,,
2014,11,16,320,2,1.16,0.95,0,2.03,1.16,2.35,0,0,0,0,73.46,73.65,310.9,155.45,237.43,237.25,0,,,,,,,
2014,11,17,321,2,1.11,0.95,0,1.87,1.11,2.07,0,0,0,0,0,73.65,310.9,155.45,310.9,237.25,75.54,,,,,,,
2014,11,18,322,2,1,0.95,0,1.42,1,1.42,0,0,0,0,1.42,73.65,310.9,155.45,309.47,237.25,0,,,,,,,
2014,11,19,323,2,0.95,0.95,0,1,0.95,0.95,0,0,0,0,2.37,73.65,310.9,155.45,308.52,237.25,0,,,,,,,
2014,11,20,324,2,1.19,0.95,0,0.63,1.19,0.75,3.48,3.13,0,0,0,73.65,310.9,155.45,310.9,237.25,0,,,,,,,
2014,11,21,325,2,1.19,0.95,0,0.77,1.19,0.92,4.74,0.92,0,0,0,73.65,310.9,155.45,310.9,237.25,0,,,,,,,
2014,11,22,326,2,1.18,0.95,0,1.08,1.18,1.28,0.6,0.6,0,0,0.68,73.65,310.9,155.45,310.22,237.25,0,,,,,,,
2014,11,23,327,2,1.16,0.95,0,1.44,1.16,1.67,1.87,1.87,0,0,0.48,73.65,310.9,155.45,310.41,237.25,0,,,,,,,
2014,11,24,328,2,1.16,0.95,0,1.37,1.16,1.59,0,0,0,0,2.08,73.65,310.9,155.45,308.82,237.25,0,,,,,,,
2014,11,25,329,2,1.17,0.95,0,1.22,1.17,1.42,0,0,0,0,3.5,73.65,310.9,155.45,307.4,237.25,0,,,,,,,
2014,11,26,330,2,1.17,0.95,0,1.16,1.17,1.35,0,0,0,0,4.85,73.65,310.9,155.45,306.04,237.25,0,,,,,,,
2014,11,27,331,2,1.11,0.95,0,1.2,1.11,1.33,0,0,0,0,6.19,73.65,310.9,155.45,304.71,237.25,0,,,,,,,
2014,11,28,332,2,1.02,0.95,0,1.15,1.02,1.18,0,0,0,0,7.37,73.65,310.9,155.45,303.53,237.25,0,,,,,,,
2014,11,29,333,2,1.19,0.95,0,0.86,1.19,1.02,4.67,4.67,0,0,3.72,73.65,310.9,155.45,307.18,237.25,0,,,,,,,
2014,11,30,334,2,1.19,0.95,0,0.66,1.19,0.79,6.84,4.5,0,0,0,73.65,310.9,155.45,310.9,237.25,0,,,,,,,
2014,12,1,335,2,1.18,0.95,0,1.03,1.18,1.21,3.4,1.21,0,0,0,73.65,310.9,155.45,310.9,237.25,0,,,,,,,
2014,12,2,336,2,1.19,0.95,0,0.67,1.19,0.8,1.57,0.8,0,0,0,73.65,310.9,155.45,310.9,237.25,0,,,,,,,
2014,12,3,337,2,1.18,0.95,0,1.07,1.18,1.26,42.83,1.26,0,0,0,73.65,310.9,155.45,310.9,237.25,0,,,,,,,
2014,12,4,338,2,1.18,0.95,0,1.07,1.18,1.26,23.53,1.26,0,0,0,73.65,310.9,155.45,310.9,237.25,0,,,,,,,
2014,12,5,339,2,1.18,0.95,0,0.94,1.18,1.11,0.2,0.2,0,0,0.91,73.65,310.9,155.45,309.99,237.25,0,,,,,,,
2014,12,6,340,2,1.18,0.95,0,1.08,1.18,1.27,3.02,2.18,0,0,0,73.65,310.9,155.45,310.9,237.25,0,,,,,,,
2014,12,7,341,2,1.18,0.95,0,0.8,1.18,0.95,0.51,0.51,0,0,0.44,73.65,310.9,155.45,310.46,237.25,0,,,,,,,
2014,12,8,342,2,1.18,0.95,0,0.83,1.18,0.98,0,0,0,0,1.42,73.65,310.9,155.45,309.48,237.25,0,,,,,,,
2014,12,9,343,2,1.19,0.95,0,0.69,1.19,0.82,0,0,0,0,2.24,73.65,310.9,155.45,308.66,237.25,0,,,,,,,
2014,12,10,344,2,1.19,0.95,0,0.97,1.19,1.15,0,0,0,0,3.39,73.65,310.9,155.45,307.51,237.25,0,,,,,,,
2014,12,11,345,2,1.18,0.95,0,1.19,1.18,1.41,0.75,0.75,0,0,4.04,73.65,310.9,155.45,306.85,237.25,0,,,,,,,
2014,12,12,346,2,1.2,0.95,0,0.6,1.2,0.72,73.65,4.76,0,0,0,73.65,310.9,155.45,310.9,237.25,0,,,,,,,
2014,12,13,347,2,1.19,0.95,0,0.67,1.19,0.8,1.55,0.8,0,0,0,73.65,310.9,155.45,310.9,237.25,0,,,,,,,
2014,12,14,348,2,1.19,0.95,0,0.69,1.19,0.82,0,0,0,0,0.82,73.65,310.9,155.45,310.07,237.25,0,,,,,,,
2014,12,15,349,2,1.19,0.95,0,0.87,1.19,1.03,5.34,1.85,0,0,0,73.65,310.9,155.45,310.9,237.25,0,,,,,,,
2014,12,16,350,2,1.17,0.95,0,1.18,1.17,1.38,10.1,1.38,0,0,0,73.65,310.9,155.45,310.9,237.25,0,,,,,,,
2014,12,17,351,2,1.18,0.95,0,0.96,1.18,1.13,14.67,1.13,0,0,0,73.65,310.9,155.45,310.9,237.25,0,,,,,,,
2014,12,18,352,2,1.18,0.95,0,0.91,1.18,1.08,2.9,1.08,0,0,0,73.65,310.9,155.45,310.9,237.25,0,,,,,,,
2014,12,19,353,2,1.19,0.95,0,0.81,1.19,0.96,0.09,0.09,0,0,0.87,73.65,310.9,155.45,310.03,237.25,0,,,,,,,
2014,12,20,354,2,1.19,0.95,0,0.63,1.19,0.75,18.41,1.62,0,0,0,73.65,310.9,155.45,310.9,237.25,0,,,,,,,
2014,12,21,355,2,1.19,0.95,0,0.96,1.19,1.14,0.07,0.07,0,0,1.07,73.65,310.9,155.45,309.83,237.25,0,,,,,,,
2014,12,22,356,2,1.19,0.95,0,0.78,1.19,0.93,0,0,0,0,2,73.65,310.9,155.45,308.9,237.25,0,,,,,,,
2014,12,23,357,2,1.19,0.95,0,0.72,1.19,0.86,0,0,0,0,2.85,73.65,310.9,155.45,308.04,237.25,0,,,,,,,
2014,12,24,358,2,1.19,0.95,0,0.97,1.19,1.15,0,0,0,0,4.01,73.65,310.9,155.45,306.89,237.25,0,,,,,,,
2014,12,25,359,2,1.16,0.95,0,1.86,1.16,2.16,0.69,0.69,0,0,5.48,73.65,310.9,155.45,305.42,237.25,0,,,,,,,
2014,12,26,360,2,1.01,0.95,0,1.91,1.01,1.92,0,0,0,0,7.4,73.65,310.9,155.45,303.5,237.25,0,,,,,,,
2014,12,27,361,2,0.96,0.95,0,0.77,0.96,0.74,0,0,0,0,8.14,73.65,310.9,155.45,302.76,237.25,0,,,,,,,
2014,12,28,362,2,0.92,0.95,0,0.76,0.95,0.72,0,0,0,0,8.86,73.65,310.9,155.45,302.03,237.25,0,,,,,,,
2014,12,29,363,2,0.9,0.95,0,0.55,0.95,0.52,0,0,0,0,9.38,73.65,310.9,155.45,301.51,237.25,0,,,,,,,
2014,12,30,364,2,0.8,0.95,0,2.47,0.95,2.35,0,0,0,0,11.73,73.65,310.9,155.45,299.17,237.25,0,,,,,,,
2014,12,31,365,2,0.72,0.95,0,2.67,0.95,2.54,0,0,0,0,14.27,73.65,310.9,155.45,296.63,237.25,0,,,,,,,
2015,1,1,1,2,0.71,0.95,0,0.85,0.95,0.81,0,0,0,0,15.07,73.49,310.9,155.45,295.82,237.41,0,,,,,,,
2015,1,2,2,2,0.69,0.95,0,0.87,0.95,0.83,0,0,0,0,15.9,73.49,310.9,155.45,294.99,237.41,0,,,,,,,
2015,1,3,3,2,0.67,0.95,0,0.86,0.95,0.82,0,0,0,0,16.72,73.49,310.9,155.45,294.18,237.41,0,,,,,,,
2015,1,4,4,2,0.65,0.95,0,0.96,0.95,0.91,0,0,0,0,17.63,73.49,310.9,155.45,293.27,237.41,0,,,,,,,
2015,1,5,5,2,0.64,0.95,0,0.86,0.95,0.82,0,0,0,0,18.45,73.49,310.9,155.45,292.45,237.41,0,,,,,,,
2015,1,6,6,2,0.62,0.95,0,1.17,0.95,1.11,0,0,0,0,19.56,73.49,310.9,155.45,291.34,237.41,0,,,,,,,
2015,1,7,7,2,0.6,0.95,0,1.19,0.95,1.13,0,0,0,0,20.69,73.49,310.9,155.45,290.21,237.41,0,,,,,,,
2015,1,8,8,2,0.59,0.95,0,1.04,0.95,0.99,0,0,0,0,21.68,73.49,310.9,155.45,289.22,237.41,0,,,,,,,
2015,1,9,9,2,0.58,0.95,0,0.87,0.95,0.83,0,0,0,0,22.5,73.49,310.9,155.45,288.39,237.41,0,,,,,,,
2015,1,10,10,2,0.57,0.95,0,0.96,0.95,0.91,0,0,0,0,23.42,73.49,310.9,155.45,287.48,237.41,0,,,,,,,
2015,1,11,11,2,0.56,0.95,0,0.9,0.95,0.86,0,0,0,0,24.27,73.49,310.9,155.45,286.63,237.41,0,,,,,,,
2015,1,12,12,2,0.55,0.95,0,1.06,0.95,1.01,0,0,0,0,25.28,73.49,310.9,155.45,285.62,237.41,0,,,,,,,
2015,1,13,13,2,0.53,0.95,0,1.19,0.95,1.13,0,0,0,0,26.41,73.49,310.9,155.45,284.49,237.41,0,,,,,,,
2015,1,14,14,2,0.53,0.95,0,0.73,0.95,0.69,0,0,0,0,27.1,73.49,310.9,155.45,283.79,237.41,0,,,,,,,
2015,1,15,15,2,0.52,0.95,0,0.73,0.95,0.69,0,0,0,0,27.8,73.49,310.9,155.45,283.1,237.41,0,,,,,,,
2015,1,16,16,2,0.52,0.95,0,0.62,0.95,0.59,0,0,0,0,28.38,73.49,310.9,155.45,282.51,237.41,0,,,,,,,
2015,1,17,17,2,0.51,0.95,0,0.57,0.95,0.54,0.16,0.16,0,0,28.77,73.49,310.9,155.45,282.13,237.41,0,,,,,,,
2015,1,18,18,2,0.51,0.95,0,0.61,0.95,0.58,0,0,0,0,29.35,73.49,310.9,155.45,281.55,237.41,0,,,,,,,
2015,1,19,19,2,0.5,0.95,0,0.7,0.95,0.67,0,0,0,0,30.01,73.49,310.9,155.45,280.89,237.41,0,,,,,,,
2015,1,20,20,2,0.49,0.95,0,0.76,0.95,0.72,0,0,0,0,30.73,73.49,310.9,155.45,280.16,237.41,0,,,,,,,
2015,1,21,21,2,0.49,0.95,0,0.95,0.95,0.9,0,0,0,0,31.63,73.49,310.9,155.45,279.26,237.41,0,,,,,,,
2015,1,22,22,2,0.48,0.95,0,0.76,0.95,0.72,0,0,0,0,32.36,73.49,310.9,155.45,278.54,237.41,0,,,,,,,
2015,1,23,23,2,0.48,0.95,0,0.98,0.95,0.93,0,0,0,0,33.29,73.49,310.9,155.45,277.61,237.41,0,,,,,,,
2015,1,24,24,2,0.47,0.95,0,0.95,0.95,0.9,0,0,0,0,34.19,73.49,310.9,155.45,276.71,237.41,0,,,,,,,
2015,1,25,25,2,0.46,0.95,0,1.05,0.95,1,0,0,0,0,35.19,73.49,310.9,155.45,275.71,237.41,0,,,,,,,
2015,1,26,26,2,0.45,0.95,0,1.32,0.95,1.25,0,0,0,0,36.44,73.49,310.9,155.45,274.45,237.41,0,,,,,,,
2015,1,27,27,2,0.45,0.95,0,1.1,0.95,1.05,0,0,0,0,37.49,73.49,310.9,155.45,273.41,237.41,0,,,,,,,
2015,1,28,28,2,0.44,0.95,0,1.57,0.95,1.49,0,0,0,0,38.98,73.49,310.9,155.45,271.92,237.41,0,,,,,,,
2015,1,29,29,2,0.43,0.95,0,1.46,0.95,1.39,0,0,0,0,40.37,73.49,310.9,155.45,270.53,237.41,0,,,,,,,
2015,1,30,30,2,0.42,0.95,0,2.03,0.95,1.93,0,0,0,0,42.29,73.49,310.9,155.45,268.6,237.41,0,,,,,,,
2015,1,31,31,2,0.41,0.95,0,3.58,0.95,3.4,0,0,0,0,45.69,73.49,310.9,155.45,265.2,237.41,0,,,,,,,
2015,2,1,32,2,0.4,0.95,0,1.45,0.95,1.38,0,0,0,0,47.07,73.49,310.9,155.45,263.82,237.41,0,,,,,,,
2015,2,2,33,2,0.39,0.95,0,1.48,0.95,1.41,0,0,0,0,48.48,73.49,310.9,155.45,262.42,237.41,0,,,,,,,
2015,2,3,34,2,0.39,0.95,0,1.52,0.95,1.44,0,0,0,0,49.92,73.49,310.9,155.45,260.97,237.41,0,,,,,,,
2015,2,4,35,2,0.38,0.95,0,1.47,0.95,1.4,0,0,0,0,51.32,73.49,310.9,155.45,259.58,237.41,0,,,,,,,
2015,2,5,36,2,0.38,0.95,0,1.17,0.95,1.11,0,0,0,0,52.43,73.49,310.9,155.45,258.47,237.41,0,,,,,,,
2015,2,6,37,2,0.37,0.95,0,2.17,0.95,2.06,0,0,0,0,54.49,73.49,310.9,155.45,256.4,237.41,0,,,,,,,
2015,2,7,38,2,1.16,0.95,0,1.44,1.16,1.67,33.87,33.87,0,0,22.3,73.49,310.9,155.45,288.6,237.41,0,,,,,,,
2015,2,8,39,2,1.17,0.95,0,1.29,1.17,1.51,4.7,4.7,0,0,19.1,73.49,310.9,155.45,291.79,237.41,0,,,,,,,
2015,2,9,40,2,1.14,0.95,0,1.97,1.14,2.25,23.02,21.35,0,0,0,73.49,310.9,155.45,310.9,237.41,0,,,,,,,
2015,2,10,41,2,1.14,0.95,0,1.83,1.14,2.09,0.18,0.18,0,0,1.91,73.49,310.9,155.45,308.98,237.41,0,,,,,,,
2015,2,11,42,2,1.15,0.95,0,1.59,1.15,1.83,0,0,0,0,3.74,73.49,310.9,155.45,307.16,237.41,0,,,,,,,
2015,2,12,43,2,1.03,0.95,0,1.98,1.03,2.03,0,0,0,0,5.77,73.49,310.9,155.45,305.13,237.41,0,,,,,,,
2015,2,13,44,2,0.91,0.95,0,2.03,0.95,1.93,0,0,0,0,7.7,73.49,310.9,155.45,303.2,237.41,0,,,,,,,
2015,2,14,45,2,0.82,0.95,0,2.18,0.95,2.07,0,0,0,0,9.77,73.49,310.9,155.45,301.13,237.41,0,,,,,,,
2015,2,15,46,2,0.75,0.95,0,2.09,0.95,1.99,0,0,0,0,11.75,73.49,310.9,155.45,299.14,237.41,0,,,,,,,
2015,2,16,47,2,0.7,0.95,0,2.24,0.95,2.13,0,0,0,0,13.88,73.49,310.9,155.45,297.01,237.41,0,,,,,,,
2015,2,17,48,2,0.66,0.95,0,1.94,0.95,1.84,0,0,0,0,15.73,73.49,310.9,155.45,295.17,237.41,0,,,,,,,
2015,2,18,49,2,0.63,0.95,0,1.5,0.95,1.43,0,0,0,0,17.15,73.49,310.9,155.45,293.75,237.41,0,,,,,,,
2015,2,19,50,2,0.62,0.95,0,1.08,0.95,1.03,0,0,0,0,18.18,73.49,310.9,155.45,292.72,237.41,0,,,,,,,
2015,2,20,51,2,0.59,0.95,0,1.97,0.95,1.87,0,0,0,0,20.05,73.49,310.9,155.45,290.85,237.41,0,,,,,,,
2015,2,21,52,2,0.57,0.95,0,1.62,0.95,1.54,0,0,0,0,21.59,73.49,310.9,155.45,289.31,237.41,0,,,,,,,
2015,2,22,53,2,0.53,0.95,0,3.74,0.95,3.55,0,0,0,0,25.14,73.49,310.9,155.45,285.76,237.41,0,,,,,,,
2015,2,23,54,2,0.49,0.95,0,4.35,0.95,4.13,0,0,0,0,29.27,73.49,310.9,155.45,281.62,237.41,0,,,,,,,
2015,2,24,55,2,0.47,0.95,0,2.85,0.95,2.71,0,0,0,0,31.98,73.49,310.9,155.45,278.92,237.41,0,,,,,,,
2015,2,25,56,2,0.45,0.95,0,2.19,0.95,2.08,0,0,0,0,34.06,73.49,310.9,155.45,276.84,237.41,0,,,,,,,
2015,2,26,57,2,0.44,0.95,0,3.07,0.95,2.92,0,0,0,0,36.98,73.49,310.9,155.45,273.92,237.41,0,,,,,,,
2015,2,27,58,2,0.42,0.95,0,2.77,0.95,2.63,0,0,0,0,39.61,73.49,310.9,155.45,271.29,237.41,0,,,,,,,
2015,2,28,59,2,0.41,0.95,0,1.93,0.95,1.83,0,0,0,0,41.44,73.49,310.9,155.45,269.45,237.41,0,,,,,,,
2015,3,1,60,2,0.4,0.95,0,2.68,0.95,2.55,0,0,0,0,43.99,73.49,310.9,155.45,266.91,237.41,0,,,,,,,
2015,3,2,61,2,0.39,0.95,0,2.33,0.95,2.21,0,0,0,0,46.2,73.49,310.9,155.45,264.69,237.41,0,,,,,,,
2015,3,3,62,2,0.38,0.95,0,2.59,0.95,2.46,1.02,1.02,0,0,47.64,73.49,310.9,155.45,263.25,237.41,0,,,,,,,
2015,3,4,63,2,0.37,0.95,0,2.6,0.95,2.47,0,0,0,0,50.11,73.49,310.9,155.45,260.78,237.41,0,,,,,,,
2015,3,5,64,2,0.36,0.95,0,2.79,0.95,2.65,0,0,0,0,52.76,73.49,310.9,155.45,258.13,237.41,0,,,,,,,
2015,3,6,65,2,0.35,0.95,0,3,0.95,2.85,0,0,0,0,55.61,73.49,310.9,155.45,255.28,237.41,0,,,,,,,
2015,3,7,66,2,0.35,0.95,0,2.8,0.95,2.66,0,0,0,0,58.27,73.49,310.9,155.45,252.62,237.41,0,,,,,,,
2015,3,8,67,2,0.34,0.95,0,2.98,0.95,2.83,0,0,0,0,61.1,73.49,310.9,155.45,249.79,237.41,0,,,,,,,
2015,3,9,68,2,0.33,0.95,0,3.06,0.95,2.91,0,0,0,0,64.01,73.49,310.9,155.45,246.89,237.41,0,,,,,,,
2015,3,10,69,2,0.32,0.95,0,2.4,0.95,2.28,0,0,0,0,66.29,73.49,310.9,155.45,244.61,237.41,0,,,,,,,
2015,3,11,70,2,0.32,0.95,0,2.11,0.95,2,1.32,1.32,0,0,66.97,73.49,310.9,155.45,243.92,237.41,0,,,,,,,
2015,3,12,71,2,1.08,0.95,0,3.47,1.08,3.75,3.55,3.55,0,0,67.18,73.49,310.9,155.45,243.72,237.41,0,,,,,,,
2015,3,13,72,2,1.06,0.95,0,3.11,1.06,3.29,0,0,0,0,70.47,73.49,310.9,155.45,240.43,237.41,0,,,,,,,
2015,3,14,73,2,0.86,0.95,0,3.29,0.95,3.13,0,0,0,0,0,73.49,310.9,155.45,310.9,237.41,73.59,,,,,,,
2015,3,15,74,2,0.73,0.95,0,3.85,0.95,3.66,0,0,0,0,3.66,73.49,310.9,155.45,307.24,237.41,0,,,,,,,
2015,3,16,75,2,0.68,0.95,0,2.46,0.95,2.34,0,0,0,0,5.99,73.49,310.9,155.45,304.9,237.41,0,,,,,,,
2015,3,17,76,2,0.61,0.95,0,3.49,0.95,3.32,0,0,0,0,9.31,73.49,310.9,155.45,301.59,237.41,0,,,,,,,
2015,3,18,77,2,0.56,0.95,0,3.89,0.95,3.7,0,0,0,0,13.01,73.49,310.9,155.45,297.89,237.41,0,,,,,,,
2015,3,19,78,2,0.52,0.95,0,3.94,0.95,3.74,0,0,0,0,16.75,73.49,310.9,155.45,294.15,237.41,0,,,,,,,
2015,3,20,79,2,0.49,0.95,0,3.11,0.95,2.95,0,0,0,0,19.7,73.49,310.9,155.45,291.19,237.41,0,,,,,,,
2015,3,21,80,2,0.46,0.95,0,3.63,0.95,3.45,0,0,0,0,23.15,73.49,310.9,155.45,287.74,237.41,0,,,,,,,
2015,3,22,81,2,0.44,0.95,0,3.27,0.95,3.11,0,0,0,0,26.26,73.49,310.9,155.45,284.64,237.41,0,,,,,,,
2015,3,23,82,2,0.42,0.95,0,3.28,0.95,3.12,0.25,0.25,0,0,29.12,73.49,310.9,155.45,281.77,237.41,0,,,,,,,
2015,3,24,83,2,0.41,0.95,0,3.19,0.95,3.03,0,0,0,0,32.15,73.49,310.9,155.45,278.74,237.41,0,,,,,,,
2015,3,25,84,2,0.39,0.95,0,4.23,0.95,4.02,0,0,0,0,36.17,73.49,310.9,155.45,274.72,237.41,0,,,,,,,
2015,3,26,85,2,0.37,0.95,0,3.92,0.95,3.72,0,0,0,0,39.9,73.49,310.9,155.45,271,237.41,0,,,,,,,
2015,3,27,86,2,0.36,0.95,0,4.55,0.95,4.32,0,0,0,0,44.22,73.49,310.9,155.45,266.68,237.41,0,,,,,,,
2015,3,28,87,2,0.34,0.95,0,4.99,0.95,4.74,0,0,0,0,48.96,73.49,310.9,155.45,261.94,237.41,0,,,,,,,
2015,3,29,88,2,0.33,0.95,0,4.76,0.95,4.52,0,0,0,0,53.48,73.49,310.9,155.45,257.41,237.41,0,,,,,,,
2015,3,30,89,2,0.32,0.95,0,4.57,0.95,4.34,0,0,0,0,57.82,73.49,310.9,155.45,253.07,237.41,0,,,,,,,
2015,3,31,90,2,0.31,0.95,0,4.61,0.95,4.38,0,0,0,0,62.2,73.49,310.9,155.45,248.69,237.41,0,,,,,,,
2015,4,1,91,2,0.3,0.95,0,4.22,0.95,4.01,0,0,0,0,66.21,73.49,310.9,155.45,244.68,237.41,0,,,,,,,
2015,4,2,92,2,0.29,0.95,0,5.59,0.95,5.31,0,0,0,0,71.52,73.49,310.9,155.45,239.37,237.41,0,,,,,,,
2015,4,3,93,2,0.28,0.95,0,4.63,0.95,4.4,0,0,0,0,0,73.49,310.9,155.45,310.9,237.41,75.92,,,,,,,
2015,4,4,94,2,0.28,0.95,0,4.53,0.95,4.3,0,0,0,0,4.3,73.49,310.9,155.45,306.59,237.41,0,,,,,,,
2015,4,5,95,2,0.27,0.95,0,2.58,0.95,2.45,0,0,0,0,6.75,73.49,310.9,155.45,304.14,237.41,0,,,,,,,
2015,4,6,96,2,0.27,0.95,0,2.98,0.95,2.83,1.42,1.42,0,0,8.17,73.49,310.9,155.45,302.73,237.41,0,,,,,,,
2015,4,7,97,2,1.12,0.95,0,2.41,1.12,2.71,6.49,6.49,0,0,4.38,73.49,310.9,155.45,306.51,237.41,0,,,,,,,
2015,4,8,98,2,1.1,0.95,0,2.91,1.1,3.21,13.25,7.59,0,0,0,73.49,310.9,155.45,310.9,237.41,0,,,,,,,
2015,4,9,99,2,1.07,0.95,0,3.48,1.07,3.74,0,0,0,0,3.74,73.49,310.9,155.45,307.16,237.41,0,,,,,,,
2015,4,10,100,2,0.83,0.95,0,4.13,0.95,3.92,0,0,0,0,7.66,73.49,310.9,155.45,303.23,237.41,0,,,,,,,
2015,4,11,101,2,0.7,0.95,0,4.29,0.95,4.08,0,0,0,0,11.74,73.49,310.9,155.45,299.16,237.41,0,,,,,,,
2015,4,12,102,2,0.6,0.95,0,4.97,0.95,4.72,0,0,0,0,16.46,73.49,310.9,155.45,294.43,237.41,0,,,,,,,
2015,4,13,103,2,0.53,0.95,0,5.12,0.95,4.86,0,0,0,0,21.33,73.49,310.9,155.45,289.57,237.41,0,,,,,,,
2015,4,14,104,2,0.49,0.95,0,4.85,0.95,4.61,0,0,0,0,25.93,73.49,310.9,155.45,284.96,237.41,0,,,,,,,
2015,4,15,105,2,0.44,0.95,0,6.7,0.95,6.37,0,0,0,0,32.3,73.49,310.9,155.45,278.6,237.41,0,,,,,,,
2015,4,16,106,2,0.4,0.95,0,6.12,0.95,5.81,0,0,0,0,38.11,73.49,310.9,155.45,272.78,237.41,0,,,,,,,
2015,4,17,107,2,0.38,0.95,0,5.33,0.95,5.06,0,0,0,0,43.18,73.49,310.9,155.45,267.72,237.41,0,,,,,,,
2015,4,18,108,2,0.36,0.95,0,5.03,0.95,4.78,0,0,0,0,47.95,73.49,310.9,155.45,262.94,237.41,0,,,,,,,
2015,4,19,109,2,0.34,0.95,0,5.36,0.95,5.09,0,0,0,0,53.05,73.49,310.9,155.45,257.85,237.41,0,,,,,,,
2015,4,20,110,2,0.33,0.95,0,4.9,0.95,4.66,0,0,0,0,57.7,73.49,310.9,155.45,253.2,237.41,0,,,,,,,
2015,4,21,111,2,0.32,0.95,0,3.95,0.95,3.75,0,0,0,0,61.45,73.49,310.9,155.45,249.44,237.41,0,,,,,,,
2015,4,22,112,2,0.31,0.95,0,4.22,0.95,4.01,0,0,0,0,65.46,73.49,310.9,155.45,245.43,237.41,0,,,,,,,
2015,4,23,113,2,0.3,0.95,0,4.83,0.95,4.59,0,0,0,0,70.05,73.49,310.9,155.45,240.85,237.41,0,,,,,,,
2015,4,24,114,2,0.29,0.95,0,4.92,0.95,4.67,0,0,0,0,0,73.49,310.9,155.45,310.9,237.41,74.72,,,,,,,
2015,4,25,115,2,1.06,0.95,0,4.12,1.06,4.35,14.13,4.35,0,0,0,73.49,310.9,155.45,310.9,237.41,0,,,,,,,
2015,4,26,116,2,0.87,0.95,0,5.12,0.95,4.86,0,0,0,0,4.86,73.49,310.9,155.45,306.03,237.41,0,,,,,,,
2015,4,27,117,2,0.67,0.95,0,6.14,0.95,5.83,0,0,0,0,10.7,73.49,310.9,155.45,300.2,237.41,0,,,,,,,
2015,4,28,118,2,0.57,0.95,0,5.67,0.95,5.39,0,0,0,0,16.08,73.49,310.9,155.45,294.81,237.41,0,,,,,,,
2015,4,29,119,2,0.51,0.95,0,5.35,0.95,5.08,0,0,0,0,21.17,73.49,310.9,155.45,289.73,237.41,0,,,,,,,
2015,4,30,120,2,0.45,0.95,0,6.54,0.95,6.21,0,0,0,0,27.38,73.49,310.9,155.45,283.52,237.41,0,,,,,,,
2015,5,1,121,2,0.41,0.95,0,6.55,0.95,6.22,0,0,0,0,33.6,73.49,310.9,155.45,277.29,237.41,0,,,,,,,
2015,5,2,122,2,0.38,0.95,0,6.19,0.95,5.88,0,0,0,0,39.48,73.49,310.9,155.45,271.41,237.41,0,,,,,,,
2015,5,3,123,2,0.36,0.95,0,5.44,0.95,5.17,0,0,0,0,44.65,73.49,310.9,155.45,266.25,237.41,0,,,,,,,
2015,5,4,124,2,0.35,0.95,0,4.95,0.95,4.7,0,0,0,0,49.35,73.49,310.9,155.45,261.54,237.41,0,,,,,,,
2015,5,5,125,2,0.33,0.95,0,4.89,0.95,4.65,0,0,0,0,54,73.49,310.9,155.45,256.9,237.41,0,,,,,,,
2015,5,6,126,2,0.32,0.95,0,5.24,0.95,4.98,0,0,0,0,58.98,73.49,310.9,155.45,251.92,237.41,0,,,,,,,
2015,5,7,127,2,0.31,0.95,0,4.2,0.95,3.99,0.45,0.45,0,0,62.52,73.49,310.9,155.45,248.38,237.41,0,,,,,,,
2015,5,8,128,2,0.3,0.95,0,4.53,0.95,4.3,0.55,0.55,0,0,66.27,73.49,310.9,155.45,244.63,237.41,0,,,,,,,
2015,5,9,129,2,0.29,0.95,0,5.14,0.95,4.88,0,0,0,0,71.15,73.49,310.9,155.45,239.74,237.41,0,,,,,,,
2015,5,10,130,2,0.28,0.95,0,5.31,0.95,5.04,0,0,0,0,0,73.49,310.9,155.45,310.9,237.41,76.2,,,,,,,
2015,5,11,131,2,0.27,0.95,0,5.28,0.95,5.02,0,0,0,0,5.02,73.49,310.9,155.45,305.88,237.41,0,,,,,,,
2015,5,12,132,2,0.27,0.95,0,5.03,0.95,4.78,0,0,0,0,9.79,73.49,310.9,155.45,301.1,237.41,0,,,,,,,
2015,5,13,133,2,0.26,0.95,0,4.79,0.95,4.55,0,0,0,0,14.35,73.49,310.9,155.45,296.55,237.41,0,,,,,,,
2015,5,14,134,2,0.26,0.95,0,3.95,0.95,3.75,0,0,0,0,18.1,73.49,310.9,155.45,292.8,237.41,0,,,,,,,
2015,5,15,135,2,0.25,0.95,0,4.75,0.95,4.51,0.02,0.02,0,0,22.59,73.49,310.9,155.45,288.31,237.41,0,,,,,,,
2015,5,16,136,2,0.24,0.95,0,4.87,0.95,4.63,0,0,0,0,27.22,73.49,310.9,155.45,283.68,237.41,0,,,,,,,
2015,5,17,137,2,0.24,0.95,0,4,0.95,3.8,0,0,0,0,31.02,73.49,310.9,155.45,279.88,237.41,0,,,,,,,
2015,5,18,138,2,0.24,0.95,0,4.7,0.95,4.47,0,0,0,0,35.48,73.49,310.9,155.45,275.41,237.41,0,,,,,,,
2015,5,19,139,2,0.23,0.95,0,5.07,0.95,4.82,0,0,0,0,40.3,73.49,310.9,155.45,270.6,237.41,0,,,,,,,
2015,5,20,140,2,0.23,0.95,0,5.05,0.95,4.8,0,0,0,0,45.1,73.49,310.9,155.45,265.8,237.41,0,,,,,,,
2015,5,21,141,2,0.22,0.95,0,4.58,0.95,4.35,0,0,0,0,49.45,73.49,310.9,155.45,261.45,237.41,0,,,,,,,
2015,5,22,142,2,0.22,0.95,0,4.94,0.95,4.69,0,0,0,0,54.14,73.49,310.9,155.45,256.76,237.41,0,,,,,,,
2015,5,23,143,2,0.22,0.95,0,4.77,0.95,4.53,0,0,0,0,58.67,73.49,310.9,155.45,252.23,237.41,0,,,,,,,
2015,5,24,144,2,0.21,0.95,0,5.77,0.95,5.48,0,0,0,0,64.15,73.49,310.9,155.45,246.74,237.41,0,,,,,,,
2015,5,25,145,2,0.21,0.95,0,5.58,0.95,5.3,0,0,0,0,69.45,73.49,310.9,155.45,241.44,237.41,0,,,,,,,
2015,5,26,146,2,0.2,0.95,0,5.63,0.95,5.35,0,0,0,0,0,73.49,310.9,155.45,310.9,237.41,74.8,,,,,,,
2015,5,27,147,2,0.2,0.95,0,5.67,0.95,5.39,0,0,0,0,5.39,73.49,310.9,155.45,305.51,237.41,0,,,,,,,
2015,5,28,148,2,0.2,0.95,0,5.48,0.95,5.21,0,0,0,0,10.59,73.49,310.9,155.45,300.3,237.41,0,,,,,,,
2015,5,29,149,2,0.19,0.95,0,6.16,0.95,5.85,0,0,0,0,16.44,73.49,310.9,155.45,294.45,237.41,0,,,,,,,
2015,5,30,150,2,0.19,0.95,0,6.49,0.95,6.17,0,0,0,0,22.61,73.49,310.9,155.45,288.29,237.41,0,,,,,,,
2015,5,31,151,2,0.19,0.95,0,5.57,0.95,5.29,0,0,0,0,27.9,73.49,310.9,155.45,282.99,237.41,0,,,,,,,
2015,6,1,152,2,0.19,0.95,0,5.56,0.95,5.28,0,0,0,0,33.18,73.49,310.9,155.45,277.71,237.41,0,,,,,,,
2015,6,2,153,2,0.18,0.95,0,5.75,0.95,5.46,0,0,0,0,38.65,73.49,310.9,155.45,272.25,237.41,0,,,,,,,
2015,6,3,154,2,0.18,0.95,0,5.65,0.95,5.37,0,0,0,0,44.01,73.49,310.9,155.45,266.88,237.41,0,,,,,,,
2015,6,4,155,2,0.18,0.95,0,5.94,0.95,5.64,0,0,0,0,49.66,73.49,310.9,155.45,261.24,237.41,0,,,,,,,
2015,6,5,156,2,0.17,0.95,0,6.93,0.95,6.58,0,0,0,0,56.24,73.49,310.9,155.45,254.66,237.41,0,,,,,,,
2015,6,6,157,2,0.17,0.95,0,6.53,0.95,6.2,0.01,0.01,0,0,62.43,73.49,310.9,155.45,248.46,237.41,0,,,,,,,
2015,6,7,158,2,0.17,0.95,0,7.06,0.95,6.71,0,0,0,0,69.14,73.49,310.9,155.45,241.76,237.41,0,,,,,,,
2015,6,8,159,2,0.17,0.95,0,7.42,0.95,7.05,0,0,0,0,0,73.49,310.9,155.45,310.9,237.41,76.19,,,,,,,
2015,6,9,160,2,0.16,0.95,0,7.22,0.95,6.86,0,0,0,0,6.86,73.49,310.9,155.45,304.04,237.41,0,,,,,,,
2015,6,10,161,2,0.16,0.95,0,2.57,0.95,2.44,0.07,0.07,0,0,9.23,73.49,310.9,155.45,301.67,237.41,0,,,,,,,
2015,6,11,162,2,0.16,0.95,0,7.16,0.95,6.8,1.22,1.22,0,0,14.81,73.49,310.9,155.45,296.08,237.41,0,,,,,,,
2015,6,12,163,2,0.16,0.95,0,8.08,0.95,7.68,0,0,0,0,22.49,73.49,310.9,155.45,288.41,237.41,0,,,,,,,
2015,6,13,164,2,0.16,0.95,0,7.66,0.95,7.28,0,0,0,0,29.77,73.49,310.9,155.45,281.13,237.41,0,,,,,,,
2015,6,14,165,2,0.15,0.95,0,6.92,0.95,6.57,0,0,0,0,36.34,73.49,310.9,155.45,274.56,237.41,0,,,,,,,
2015,6,15,166,2,0.15,0.95,0,6.72,0.95,6.38,0,0,0,0,42.72,73.49,310.9,155.45,268.17,237.41,0,,,,,,,
2015,6,16,167,2,0.15,0.95,0,7.03,0.95,6.68,0,0,0,0,49.4,73.49,310.9,155.45,261.49,237.41,0,,,,,,,
2015,6,17,168,2,0.15,0.95,0,6.97,0.95,6.62,0,0,0,0,56.02,73.49,310.9,155.45,254.87,237.41,0,,,,,,,
2015,6,18,169,2,0.15,0.95,0,7.75,0.95,7.36,0,0,0,0,63.39,73.49,310.9,155.45,247.51,237.41,0,,,,,,,
2015,6,19,170,2,0.14,0.95,0,7.43,0.95,7.06,0,0,0,0,70.44,73.49,310.9,155.45,240.45,237.41,0,,,,,,,
2015,6,20,171,2,0.14,0.95,0,7.17,0.95,6.81,0,0,0,0,0,73.49,310.9,155.45,310.9,237.41,77.26,,,,,,,
2015,6,21,172,2,0.14,0.95,0,7.78,0.95,7.39,0,0,0,0,7.39,73.49,310.9,155.45,303.51,237.41,0,,,,,,,
2015,6,22,173,2,0.14,0.95,0,6.99,0.95,6.64,0,0,0,0,14.03,73.49,310.9,155.45,296.86,237.41,0,,,,,,,
2015,6,23,174,2,0.14,0.95,0,7.45,0.95,7.08,0,0,0,0,21.11,73.49,310.9,155.45,289.79,237.41,0,,,,,,,
2015,6,24,175,2,0.14,0.95,0,7.51,0.95,7.13,0,0,0,0,28.24,73.49,310.9,155.45,282.65,237.41,0,,,,,,,
2015,6,25,176,2,0.14,0.95,0,7.98,0.95,7.58,0,0,0,0,35.82,73.49,310.9,155.45,275.07,237.41,0,,,,,,,
2015,6,26,177,2,0.13,0.95,0,8.46,0.95,8.04,0,0,0,0,43.86,73.49,310.9,155.45,267.03,237.41,0,,,,,,,
2015,6,27,178,2,0.13,0.95,0,7.16,0.95,6.8,0,0,0,0,50.66,73.49,310.9,155.45,260.23,237.41,0,,,,,,,
2015,6,28,179,2,0.13,0.95,0,7.43,0.95,7.06,0,0,0,0,57.72,73.49,310.9,155.45,253.17,237.41,0,,,,,,,
2015,6,29,180,2,0.13,0.95,0,7.6,0.95,7.22,0,0,0,0,64.94,73.49,310.9,155.45,245.95,237.41,0,,,,,,,
2015,6,30,181,2,0.13,0.95,0,7.68,0.95,7.3,0,0,0,0,72.24,73.49,310.9,155.45,238.66,237.41,0,,,,,,,
2015,7,1,182,2,0.13,0.95,0,7.42,0.95,7.05,0,0,0,0,0,73.49,310.9,155.45,310.9,237.41,79.29,,,,,,,
2015,7,2,183,2,0.13,0.95,0,7.56,0.95,7.18,0,0,0,0,7.18,73.49,310.9,155.45,303.71,237.41,0,,,,,,,
2015,7,3,184,2,0.12,0.95,0,7.43,0.95,7.06,0,0,0,0,14.24,73.49,310.9,155.45,296.66,237.41,0,,,,,,,
2015,7,4,185,2,0.12,0.95,0,8.14,0.95,7.73,0,0,0,0,21.97,73.49,310.9,155.45,288.92,237.41,0,,,,,,,
2015,7,5,186,2,0.12,0.95,0,7.47,0.95,7.1,0,0,0,0,29.07,73.49,310.9,155.45,281.83,237.41,0,,,,,,,
2015,7,6,187,2,0.12,0.95,0,7.45,0.95,7.08,0,0,0,0,36.15,73.49,310.9,155.45,274.75,237.41,0,,,,,,,
2015,7,7,188,2,0.12,0.95,0,7.05,0.95,6.7,0,0,0,0,42.85,73.49,310.9,155.45,268.05,237.41,0,,,,,,,
2015,7,8,189,2,0.12,0.95,0,6.42,0.95,6.1,0,0,0,0,48.94,73.49,310.9,155.45,261.95,237.41,0,,,,,,,
2015,7,9,190,2,0.12,0.95,0,4.51,0.95,4.28,0,0,0,0,53.23,73.49,310.9,155.45,257.67,237.41,0,,,,,,,
2015,7,10,191,2,0.12,0.95,0,5.24,0.95,4.98,0,0,0,0,58.21,73.49,310.9,155.45,252.69,237.41,0,,,,,,,
2015,7,11,192,2,0.12,0.95,0,6.46,0.95,6.14,0,0,0,0,64.34,73.49,310.9,155.45,246.55,237.41,0,,,,,,,
2015,7,12,193,2,0.12,0.95,0,6.6,0.95,6.27,0,0,0,0,70.61,73.49,310.9,155.45,240.28,237.41,0,,,,,,,
2015,7,13,194,2,0.12,0.95,0,6.72,0.95,6.38,0,0,0,0,0,73.49,310.9,155.45,310.9,237.41,77,,,,,,,
2015,7,14,195,2,0.11,0.95,0,6.66,0.95,6.33,0,0,0,0,6.33,73.49,310.9,155.45,304.57,237.41,0,,,,,,,
2015,7,15,196,2,0.11,0.95,0,6.77,0.95,6.43,0,0,0,0,12.76,73.49,310.9,155.45,298.14,237.41,0,,,,,,,
2015,7,16,197,2,0.11,0.95,0,7.29,0.95,6.93,0,0,0,0,19.68,73.49,310.9,155.45,291.21,237.41,0,,,,,,,
2015,7,17,198,2,0.11,0.95,0,7.45,0.95,7.08,0,0,0,0,26.76,73.49,310.9,155.45,284.13,237.41,0,,,,,,,
2015,7,18,199,2,0.11,0.95,0,7.52,0.95,7.14,0,0,0,0,33.91,73.49,310.9,155.45,276.99,237.41,0,,,,,,,
2015,7,19,200,2,0.11,0.95,0,6.89,0.95,6.55,0,0,0,0,40.45,73.49,310.9,155.45,270.45,237.41,0,,,,,,,
2015,7,20,201,2,0.11,0.95,0,7.43,0.95,7.06,0,0,0,0,47.51,73.49,310.9,155.45,263.39,237.41,0,,,,,,,
2015,7,21,202,2,0.11,0.95,0,7.44,0.95,7.07,0,0,0,0,54.58,73.49,310.9,155.45,256.32,237.41,0,,,,,,,
2015,7,22,203,2,0.11,0.95,0,7.1,0.95,6.75,0,0,0,0,61.32,73.49,310.9,155.45,249.57,237.41,0,,,,,,,
2015,7,23,204,2,0.11,0.95,0,6.23,0.95,5.92,0,0,0,0,67.24,73.49,310.9,155.45,243.66,237.41,0,,,,,,,
2015,7,24,205,2,0.11,0.95,0,6.45,0.95,6.13,0,0,0,0,73.37,73.49,310.9,155.45,237.53,237.41,0,,,,,,,
2015,7,25,206,2,0.11,0.95,0,6.6,0.95,6.27,0,0,0,0,0,73.49,310.9,155.45,310.9,237.41,79.64,,,,,,,
2015,7,26,207,2,0.11,0.95,0,6.59,0.95,6.26,0,0,0,0,6.26,73.49,310.9,155.45,304.64,237.41,0,,,,,,,
2015,7,27,208,2,0.11,0.95,0,7.51,0.95,7.13,0,0,0,0,13.4,73.49,310.9,155.45,297.5,237.41,0,,,,,,,
2015,7,28,209,2,0.1,0.95,0,7.9,0.95,7.51,0,0,0,0,20.9,73.49,310.9,155.45,290,237.41,0,,,,,,,
2015,7,29,210,2,0.1,0.95,0,7.55,0.95,7.17,0,0,0,0,28.07,73.49,310.9,155.45,282.82,237.41,0,,,,,,,
2015,7,30,211,2,0.1,0.95,0,8,0.95,7.6,0,0,0,0,35.67,73.49,310.9,155.45,275.22,237.41,0,,,,,,,
2015,7,31,212,2,0.1,0.95,0,6.92,0.95,6.57,0,0,0,0,42.25,73.49,310.9,155.45,268.65,237.41,0,,,,,,,
2015,8,1,213,2,0.1,0.95,0,7.08,0.95,6.73,0,0,0,0,48.97,73.49,310.9,155.45,261.92,237.41,0,,,,,,,
2015,8,2,214,2,0.1,0.95,0,6.92,0.95,6.57,0,0,0,0,55.55,73.49,310.9,155.45,255.35,237.41,0,,,,,,,
2015,8,3,215,2,0.1,0.95,0,7,0.95,6.65,0,0,0,0,62.2,73.49,310.9,155.45,248.7,237.41,0,,,,,,,
2015,8,4,216,2,0.1,0.95,0,4.85,0.95,4.61,0,0,0,0,66.8,73.49,310.9,155.45,244.09,237.41,0,,,,,,,
2015,8,5,217,2,0.1,0.95,0,5.83,0.95,5.54,0,0,0,0,72.34,73.49,310.9,155.45,238.55,237.41,0,,,,,,,
2015,8,6,218,2,0.1,0.95,0,4.52,0.95,4.29,0,0,0,0,0,73.49,310.9,155.45,310.9,237.41,76.64,,,,,,,
2015,8,7,219,2,0.1,0.95,0,6.88,0.95,6.54,0,0,0,0,6.54,73.49,310.9,155.45,304.36,237.41,0,,,,,,,
2015,8,8,220,2,0.1,0.95,0,6.22,0.95,5.91,0,0,0,0,12.45,73.49,310.9,155.45,298.45,237.41,0,,,,,,,
2015,8,9,221,2,0.1,0.95,0,6.69,0.95,6.36,0,0,0,0,18.8,73.49,310.9,155.45,292.1,237.41,0,,,,,,,
2015,8,10,222,2,0.1,0.95,0,6.74,0.95,6.4,0,0,0,0,25.2,73.49,310.9,155.45,285.69,237.41,0,,,,,,,
2015,8,11,223,2,0.1,0.95,0,6.58,0.95,6.25,0,0,0,0,31.45,73.49,310.9,155.45,279.44,237.41,0,,,,,,,
2015,8,12,224,2,0.1,0.95,0,6.46,0.95,6.14,0,0,0,0,37.59,73.49,310.9,155.45,273.3,237.41,0,,,,,,,
2015,8,13,225,2,0.1,0.95,0,6.63,0.95,6.3,0,0,0,0,43.89,73.49,310.9,155.45,267.01,237.41,0,,,,,,,
2015,8,14,226,2,0.1,0.95,0,6.2,0.95,5.89,0,0,0,0,49.78,73.49,310.9,155.45,261.12,237.41,0,,,,,,,
2015,8,15,227,2,0.1,0.95,0,6.51,0.95,6.18,0,0,0,0,55.96,73.49,310.9,155.45,254.93,237.41,0,,,,,,,
2015,8,16,228,2,0.1,0.95,0,6.78,0.95,6.44,0,0,0,0,62.41,73.49,310.9,155.45,248.49,237.41,0,,,,,,,
2015,8,17,229,2,0.09,0.95,0,7.25,0.95,6.89,0,0,0,0,69.29,73.49,310.9,155.45,241.6,237.41,0,,,,,,,
2015,8,18,230,2,0.09,0.95,0,7.05,0.95,6.7,0,0,0,0,0,73.49,310.9,155.45,310.9,237.41,75.99,,,,,,,
2015,8,19,231,2,0.09,0.95,0,6.44,0.95,6.12,0,0,0,0,6.12,73.49,310.9,155.45,304.78,237.41,0,,,,,,,
2015,8,20,232,2,0.09,0.95,0,5.71,0.95,5.42,0,0,0,0,11.54,73.49,310.9,155.45,299.35,237.41,0,,,,,,,
2015,8,21,233,2,0.09,0.95,0,5.79,0.95,5.5,0,0,0,0,17.04,73.49,310.9,155.45,293.85,237.41,0,,,,,,,
2015,8,22,234,2,0.09,0.95,0,5.86,0.95,5.57,0,0,0,0,22.61,73.49,310.9,155.45,288.29,237.41,0,,,,,,,
2015,8,23,235,2,0.09,0.95,0,5.93,0.95,5.63,0,0,0,0,28.24,73.49,310.9,155.45,282.65,237.41,0,,,,,,,
2015,8,24,236,2,0.09,0.95,0,6.4,0.95,6.08,0,0,0,0,34.32,73.49,310.9,155.45,276.57,237.41,0,,,,,,,
2015,8,25,237,2,0.09,0.95,0,6.7,0.95,6.37,0,0,0,0,40.69,73.49,310.9,155.45,270.21,237.41,0,,,,,,,
2015,8,26,238,2,0.09,0.95,0,6.8,0.95,6.46,0,0,0,0,47.15,73.49,310.9,155.45,263.75,237.41,0,,,,,,,
2015,8,27,239,2,0.09,0.95,0,6.81,0.95,6.47,0,0,0,0,53.62,73.49,310.9,155.45,257.28,237.41,0,,,,,,,
2015,8,28,240,2,0.09,0.95,0,6.87,0.95,6.53,0,0,0,0,60.14,73.49,310.9,155.45,250.75,237.41,0,,,,,,,
2015,8,29,241,2,0.09,0.95,0,5.44,0.95,5.17,0,0,0,0,65.31,73.49,310.9,155.45,245.58,237.41,0,,,,,,,
2015,8,30,242,2,0.09,0.95,0,5.56,0.95,5.28,0,0,0,0,70.59,73.49,310.9,155.45,240.3,237.41,0,,,,,,,
2015,8,31,243,2,0.09,0.95,0,5.76,0.95,5.47,0,0,0,0,0,73.49,310.9,155.45,310.9,237.41,76.07,,,,,,,
2015,9,1,244,2,0.09,0.95,0,5.9,0.95,5.61,0,0,0,0,5.61,73.49,310.9,155.45,305.29,237.41,0,,,,,,,
2015,9,2,245,2,0.09,0.95,0,5.77,0.95,5.48,0,0,0,0,11.09,73.49,310.9,155.45,299.81,237.41,0,,,,,,,
2015,9,3,246,2,0.09,0.95,0,5.25,0.95,4.99,0,0,0,0,16.07,73.49,310.9,155.45,294.82,237.41,0,,,,,,,
2015,9,4,247,2,0.09,0.95,0,5.36,0.95,5.09,0,0,0,0,21.17,73.49,310.9,155.45,289.73,237.41,0,,,,,,,
2015,9,5,248,2,0.09,0.95,0,5.84,0.95,5.55,0,0,0,0,26.71,73.49,310.9,155.45,284.18,237.41,0,,,,,,,
2015,9,6,249,2,0.09,0.95,0,5.27,0.95,5.01,0,0,0,0,31.72,73.49,310.9,155.45,279.18,237.41,0,,,,,,,
2015,9,7,250,2,0.09,0.95,0,5.59,0.95,5.31,0,0,0,0,37.03,73.49,310.9,155.45,273.87,237.41,0,,,,,,,
2015,9,8,251,2,0.09,0.95,0,5.46,0.95,5.19,0,0,0,0,42.22,73.49,310.9,155.45,268.68,237.41,0,,,,,,,
2015,9,9,252,2,0.09,0.95,0,6.23,0.95,5.92,0,0,0,0,48.14,73.49,310.9,155.45,262.76,237.41,0,,,,,,,
2015,9,10,253,2,0.09,0.95,0,6.64,0.95,6.31,0,0,0,0,54.44,73.49,310.9,155.45,256.45,237.41,0,,,,,,,
2015,9,11,254,2,0.09,0.95,0,6.34,0.95,6.02,0,0,0,0,60.47,73.49,310.9,155.45,250.43,237.41,0,,,,,,,
2015,9,12,255,2,0.09,0.95,0,4.82,0.95,4.58,0,0,0,0,65.05,73.49,310.9,155.45,245.85,237.41,0,,,,,,,
2015,9,13,256,2,0.09,0.95,0,5.41,0.95,5.14,0,0,0,0,70.19,73.49,310.9,155.45,240.71,237.41,0,,,,,,,
2015,9,14,257,2,0.09,0.95,0,4.19,0.95,3.98,0,0,0,0,0,73.49,310.9,155.45,310.9,237.41,74.17,,,,,,,
2015,9,15,258,2,0.09,0.95,0,4.58,0.95,4.35,0,0,0,0,4.35,73.49,310.9,155.45,306.55,237.41,0,,,,,,,
2015,9,16,259,2,0.09,0.95,0,3.32,0.95,3.15,0,0,0,0,7.51,73.49,310.9,155.45,303.39,237.41,0,,,,,,,
2015,9,17,260,2,0.09,0.95,0,3.93,0.95,3.73,0.23,0.23,0,0,11.01,73.49,310.9,155.45,299.89,237.41,0,,,,,,,
2015,9,18,261,2,0.08,0.95,0,4.53,0.95,4.3,0,0,0,0,15.31,73.49,310.9,155.45,295.58,237.41,0,,,,,,,
2015,9,19,262,2,0.08,0.95,0,4.78,0.95,4.54,0,0,0,0,19.85,73.49,310.9,155.45,291.04,237.41,0,,,,,,,
2015,9,20,263,2,0.08,0.95,0,4.79,0.95,4.55,0,0,0,0,24.4,73.49,310.9,155.45,286.49,237.41,0,,,,,,,
2015,9,21,264,2,0.08,0.95,0,5.6,0.95,5.32,0,0,0,0,29.72,73.49,310.9,155.45,281.17,237.41,0,,,,,,,
2015,9,22,265,2,0.08,0.95,0,5.83,0.95,5.54,0,0,0,0,35.26,73.49,310.9,155.45,275.63,237.41,0,,,,,,,
2015,9,23,266,2,0.08,0.95,0,4.62,0.95,4.39,0,0,0,0,39.65,73.49,310.9,155.45,271.25,237.41,0,,,,,,,
2015,9,24,267,2,0.08,0.95,0,4.63,0.95,4.4,0,0,0,0,44.05,73.49,310.9,155.45,266.85,237.41,0,,,,,,,
2015,9,25,268,2,0.08,0.95,0,5.62,0.95,5.34,0,0,0,0,49.39,73.49,310.9,155.45,261.51,237.41,0,,,,,,,
2015,9,26,269,2,0.08,0.95,0,5.39,0.95,5.12,0,0,0,0,54.51,73.49,310.9,155.45,256.39,237.41,0,,,,,,,
2015,9,27,270,2,0.08,0.95,0,4.08,0.95,3.88,0,0,0,0,58.39,73.49,310.9,155.45,252.51,237.41,0,,,,,,,
2015,9,28,271,2,0.08,0.95,0,4.73,0.95,4.49,0,0,0,0,62.88,73.49,310.9,155.45,248.02,237.41,0,,,,,,,
2015,9,29,272,2,0.08,0.95,0,4.31,0.95,4.09,0,0,0,0,66.97,73.49,310.9,155.45,243.92,237.41,0,,,,,,,
2015,9,30,273,2,0.08,0.95,0,2.04,0.95,1.94,0,0,0,0,68.91,73.49,310.9,155.45,241.99,237.41,0,,,,,,,